subj_id,tta,d,loss,alpha,beta,theta,noise,b_0,k,tta_crit,ndt_location,ndt_scale
642,4.0,90.0,0.503363926380176,0.43300731308388707,0.11943946536840795,19.56296091315155,1,1.438831847553226,0.22904000320358153,5.506876639280808,0.3578711497007149,0.1614991252774053
642,4.0,150.0,0.4405063085882069,0.4037859486996851,0.140986526736134,22.462485425539764,1,1.1004182056842962,0.10259444365273307,3.4387958955062476,0.4358043681985957,0.17300410081152848
642,4.0,120.0,0.49497980341314096,0.3678918701422944,0.13848800793568894,21.781320496758266,1,1.2102327063791543,0.31748343683581626,3.9815261907377315,0.34774678503015743,0.16074500644430612
642,5.0,90.0,0.46944849763233854,0.4464155055133301,0.11992662798403159,19.571698190066947,1,1.3768742331542545,0.23220628833436852,4.905419894879288,0.34593071005583514,0.1688584606466932
642,5.0,150.0,0.3775978202139972,0.45177862785658696,0.11575628170735189,19.63624434478812,1,1.034376516456411,0.27555770499764354,4.018179345663391,0.4056564345610993,0.12292345578838082
642,5.0,120.0,0.48068624400921134,0.4479950860491928,0.11153976829786016,18.25635092177265,1,1.5147451381239068,0.2753265473189308,4.692450773979805,0.2963483558872652,0.15107567025643037
642,6.0,90.0,0.47950444780670753,0.4499582386137633,0.10869936784888407,18.168156959735317,1,1.234593333605,0.1791233804967799,4.181197631692442,0.36523548548667034,0.1730606577576446
642,6.0,150.0,0.25170374186246225,1.1144992402973812,0.062278573730428305,12.315330987427313,1,1.8554866269898111,0.6598483386643627,5.3867608803506135,0.37238260008892243,0.20156781243501865
642,6.0,120.0,0.37317300772707546,0.22510540193691406,0.27295032784353573,39.91114847235387,1,1.1651593767770632,0.15329673189825432,4.955253571832992,0.3914207139308463,0.2012301699734274
