subj_id,tta,d,loss,alpha,beta,theta,noise,b_0,k,tta_crit,ndt_location,ndt_scale
525,4.0,90.0,0.16407357035184475,1.0712551932372303,0.02563645020957234,7.411994347723727,1,0.9043722471977149,0.1054779995126706,3.1347833112616637,0.20063937462938242,0.07755380267828293
525,4.0,150.0,0.20753754816093328,1.6294796854535176,0.024335313382585582,7.480399034379996,1,0.6789234764605777,0.10256390229967742,3.369422672628192,0.2879003160591751,0.12579026342527844
525,4.0,120.0,0.1966612163724744,1.348590208192706,0.02658604286095639,7.650283768319537,1,0.7758345578184713,0.10770972529047108,3.090937144565568,0.2389290680737066,0.10261515255978315
525,5.0,90.0,0.18626508030144953,1.5535432435156755,0.028205478106589965,7.928809885749258,1,0.7519412403003087,0.10252869460194947,3.9771240337353184,0.26384388077958876,0.10848165787851136
525,5.0,150.0,0.21364560755631443,1.283680530304799,0.02579828478379237,7.554136141437315,1,0.8414735217529672,0.10406971482416205,3.5189678622207126,0.22345320392839582,0.09156876698935681
525,5.0,120.0,0.2081833729080649,1.2316026782119762,0.02570407870705821,7.472184629145117,1,0.8966348301691522,0.10042747745698821,3.246118024762599,0.20328211756765874,0.0832781344762168
525,6.0,90.0,0.19716327337361572,1.5950270179672192,0.028772979702550217,8.014025776101503,1,0.6496846007715535,0.10333478652728356,3.939655968542797,0.2957367428866661,0.12096571614991172
525,6.0,150.0,0.19115263824624104,1.2514817830450227,0.026536395887754756,7.588287670828516,1,0.87469637695878,0.1025798544697868,3.18764757307887,0.22319748433380365,0.06306773389497658
525,6.0,120.0,0.1716213345208576,1.201634126892302,0.026181675473032327,7.484772991357261,1,0.9660764786258439,0.10157972573404747,3.460407904078233,0.19604302580586888,0.09678287799000211
