subj_id,tta,d,loss,alpha,beta,theta,noise,b_0,k,tta_crit,ndt_location,ndt_scale
all,4.0,90.0,0.009553366336049179,1.0025934380159467,0.061472852622386845,12.428129809392395,1,0.8688825541633168,0.10027384298515632,3.98332704189454,0.46727204760234037,0.09575640883646955
all,4.0,150.0,0.013413395250644278,1.2262592846461078,0.040503411405416086,10.018331619772734,1,0.7577672247133538,0.4557290298926288,4.1468100337513185,0.456563290076235,0.06144919638594111
all,4.0,120.0,0.018339337202263974,0.9715650213631494,0.052685569709663135,11.163845046053918,1,0.5392377372393483,1.8811521277211298,3.026706768672049,0.43239550315276726,0.08706457032685593
all,5.0,90.0,0.011856285003955467,1.244636470416735,0.043965300789873034,10.456938642380766,1,1.1502475187129229,0.3571976646880933,5.868705694812813,0.4104854414158333,0.06713363304364171
all,5.0,150.0,0.020032864209673523,1.3370761263303548,0.034143008411335656,9.300704756854504,1,0.864020707410625,0.35458879051378744,4.060088607470122,0.4351190230445613,0.03598528314990028
all,5.0,120.0,0.02903768720493207,1.0980695421882416,0.040566646705533206,9.774323634554724,1,1.3635345506291188,0.2820426894114757,5.937116100410377,0.3659483869521697,0.04142700101796709
all,6.0,90.0,0.007554194988949693,1.8058898306646394,0.03308256353767919,8.854693648895656,1,1.417515031299153,0.6931969246191565,5.469021733890395,0.41999970311662027,0.07729030568125579
all,6.0,150.0,0.07100328408177,2.1337951548402776,0.20678856618237115,27.657664357126933,1,2.111099663471539,1.0984869428807398,4.003052666081173,0.307933345575594,0.030877889689707567
all,6.0,120.0,0.0712603909133745,2.0094310988839954,0.16669555604262698,26.14889979377065,1,4.346943520343131,0.9012792693584034,4.223226103694266,0.19066752488269204,0.0662395320405687
