subj_id,tta,d,loss,alpha,beta,theta,noise,b_0,k,tta_crit,ndt_location,ndt_scale
755,4.0,90.0,0.21854217624556777,0.5061165030546547,0.29993981632463745,39.94071916787898,1,1.2005039425221633,1.993295856042716,5.7531826959374515,0.4651513335936666,0.1129239674136977
755,4.0,150.0,0.23335713453181495,0.21098226043986965,0.31100114177992366,39.65177006770366,1,1.148123163190586,0.9542051406038418,5.396225492125897,0.35151377101534503,0.0011393955820462596
755,4.0,120.0,0.03918321665610626,2.946161438238334,0.06314687293400824,12.52208141694843,1,0.5060441338775873,0.7765258459906363,5.993825011300081,0.5388083160406143,0.11739009441931833
755,5.0,90.0,0.057896274292832874,2.9481926177772673,0.11594629195439429,18.983080413321453,1,2.3170504970458206,1.9995501738593184,5.990409215331343,0.47381519632356156,0.157527758924069
755,5.0,150.0,0.1558060043490656,0.3939158908864884,0.17407965394721658,25.52827407522949,1,0.5599656214037143,1.465365851651416,3.103390157143404,0.41942697177960897,0.014274170873385061
755,5.0,120.0,0.0594274301942552,2.995717077243188,0.04467646454496226,10.122929051893909,1,0.6059499380840812,1.839731796834928,4.088032763839677,0.455893833079495,0.16897577551896695
755,6.0,90.0,0.09763934588853661,2.0203378755745427,0.032661458269763397,8.104029677262531,1,0.6274252141206489,0.4470164087539136,5.48913921739776,0.454810536169042,0.13901544060806717
755,6.0,150.0,0.031174745212905287,1.2927258121722016,0.08379007890638172,13.768133351396767,1,0.8983507134426097,0.10537661893909599,3.483036704446697,0.3117946278437132,0.031335952361020485
755,6.0,120.0,0.11714341672160189,1.8217236383168267,0.23610328083133192,35.185034591469325,1,4.960765045381976,0.9375767570275882,4.2221734159364965,0.1639612976102786,0.12228180175736143
