subj_id,tta,d,loss,alpha,beta,theta,noise,b_0,k,tta_crit,ndt_location,ndt_scale
618,4.0,90.0,0.2613905099329464,1.0478046925132878,0.0427473102851228,9.69075007133601,1,1.0495547730848818,0.9790548393495417,3.569722731265655,0.2689280412167839,0.09609874294911774
618,4.0,150.0,0.1641346019943909,1.570159490755333,0.015023315135383387,6.515901530595029,1,1.5355381455935657,1.9914382641698531,4.3025126531146105,0.0,0.04156690635770322
618,4.0,120.0,0.25275947852206515,0.951703577468859,0.037170605900115006,8.665728839870226,1,1.8046687614581645,0.10448750439089383,5.135119062249529,0.25233720404606247,0.06491011918421721
618,5.0,90.0,0.20327356474502464,1.1762899011830361,0.03188715326993258,8.287147817890387,1,1.4631126712973517,0.8602705166951818,3.7029345892609227,0.15789023267375107,0.0029001586566106763
618,5.0,150.0,0.12559838531795958,1.2417885365354961,0.016578358858411024,6.393987306337252,1,1.4704306943814147,1.6657985349948845,3.015252043405099,0.0003216756292580003,0.08356864979612003
618,5.0,120.0,0.18161471938451318,0.9106616050122545,0.029674338898777308,8.025785297655615,1,1.9908731682200973,0.31992151405575103,5.810142413641595,0.1828678853067344,0.0025025353851180765
618,6.0,90.0,0.09931232513597915,2.0417712241604837,0.03502095745559715,9.012067988960755,1,1.0947139503151557,0.8205217008784341,4.20405383004914,0.3429504158907322,0.13492169191481196
618,6.0,150.0,0.042186409778123254,2.2362422404162383,0.21898827002183943,30.504665569544652,1,1.180266644024368,0.10617837710976405,4.886672543169981,0.3470081546290762,0.11297001421747507
618,6.0,120.0,0.05147951487695866,2.6864497677073915,0.04515891335202604,9.935321446639943,1,2.8938600997527075,1.913776450631625,4.058476839777775,0.11590844312845341,0.11559669485590882
