subj_id,tta,d,loss,alpha,beta,theta,noise,b_0,k,tta_crit,ndt_location,ndt_scale
129,4.0,90.0,0.06587142715446266,1.3029434163660505,0.03294338766055865,8.457092569149468,1,1.695766939698909,0.1131522467300982,3.3632457339443316,0.43206462614519003,0.08182854973922676
129,4.0,150.0,0.22316716375771212,1.7312051099569543,0.010454532535363083,5.937084350223054,1,2.0082122526048165,1.0272769428725483,4.624771222799782,0.26234219772927825,0.0013161809891580048
129,4.0,120.0,0.19081880464406878,1.9925479026375696,0.01560076113242216,6.383744713647618,1,2.2979171975267096,1.0492170351797074,4.930819035065357,0.30142714704143037,0.12026460793697101
129,5.0,90.0,0.029977069875125193,1.4610078011106782,0.03080684996016457,8.210650744560152,1,1.470693502901432,0.8194254944931518,3.968869459091486,0.35866639974704606,0.08915739613469117
129,5.0,150.0,0.10377880412358662,1.1752170971632414,0.012440222557206448,6.146226822346284,1,1.8464673103803562,0.27489802609957625,5.154572225576067,0.41667886739220517,0.0014561727785915302
129,5.0,120.0,0.08971015629098984,1.523438503927749,0.018439630339686257,6.269387337800678,1,1.7299274175852342,1.9940137795610988,3.620895033961541,0.2456323087664602,0.004798472612072713
129,6.0,90.0,0.03995718562257414,1.6653661778132403,0.02657843908565047,7.771288769353817,1,3.3234683812674923,0.7841246820047235,5.791328244778876,0.4024916652873057,0.0014441487995490723
129,6.0,150.0,0.15110226712736313,2.36748011742145,0.08777958494919008,13.299671406695666,1,4.935993835475428,1.5213814541639654,3.965453552921962,0.11022902899665335,0.009916405838991626
129,6.0,120.0,0.15830532441301268,1.7490804177281516,0.05244745583099958,11.273177654622527,1,3.7012204915479012,0.8197519182282245,5.607447941389283,0.3786907930042147,0.0191693813316208
