subj_id,i,loss,alpha,beta,theta,noise,b_0,k,tta_crit,nondectime,halfwidth
389,0,0.31253496784745366,1.5906420838300503,0.0538363793501895,11.839470659008471,1,0.834347579703957,0.11813241030535178,5.097983337283117,0.49553481688145473,0.16900041875541044
389,1,0.31220473790920233,1.6011311979975467,0.05320710556885874,11.749100410102422,1,0.8766213092556782,0.1050419136610591,5.887552074104805,0.49618989676211195,0.17499774958837572
389,2,0.31228804696366225,1.624269465892456,0.05274966432902338,11.694584761524698,1,0.8006758832342586,0.11942361949627103,4.386376184982569,0.4964088939913753,0.17426683954774358
389,3,0.3137331027868525,1.552539440548929,0.053773811479967404,11.80799449086209,1,0.7964333201945102,0.11709779664065863,3.6338896509672654,0.486517422394237,0.17791848871712884
389,4,0.31263410856155094,1.5646914379406822,0.05364655739231289,11.79672579370412,1,0.7882823877811882,0.11249659797847811,3.489356964619721,0.4931031940395157,0.1706941844183051
