subj_id,tta_condition,d_condition,loss,alpha,beta,theta,b,ndt_location,ndt_scale
all,4.0,90.0,0.08329282395955795,1.1099807989520007,0.04399125272242726,10.066217910270382,0.4449253213387414,0.46260909175400844,0.08009822634877384
all,4.0,150.0,0.06685333720351888,1.0772054461210794,0.04450713568600851,10.114051138748698,0.4459665735084464,0.46888224372872106,0.07880999914369842
all,4.0,120.0,0.05963351523456533,1.0358174231950406,0.04575683258222073,10.245666652718302,0.44469073973542406,0.4677194048997846,0.079633296388849
all,5.0,90.0,0.08212282952386082,1.108980319154767,0.04481451700375736,10.174814344013187,0.4413345212987072,0.46187785020198524,0.0809049892932326
all,5.0,150.0,0.07693643865268182,1.044400387672635,0.0431977566013493,9.995960140945078,0.44958178269887705,0.45772026809932714,0.07214089365906066
all,5.0,120.0,0.0838354505028811,1.039730959255909,0.0445925979513412,10.09139081012811,0.46319064722937986,0.4506445518023896,0.07290660551960483
