subj_id,tta_condition,d_condition,loss,alpha,beta,theta,b,ndt_location,ndt_scale
all,4.0,90.0,0.08329282395955795,1.1099807989520007,0.04399125272242726,10.066217910270382,0.4449253213387414,0.46260909175400844,0.08009822634877384
all,4.0,150.0,0.06685333720351888,1.0772054461210794,0.04450713568600851,10.114051138748698,0.4459665735084464,0.46888224372872106,0.07880999914369842
