subj_id,tta_condition,d_condition,loss,alpha,beta,theta,b,ndt_location,ndt_scale
all,4.0,90.0,0.09113122036841426,1.081503184991118,0.04692095721462796,10.43790250227118,0.4601253406087453,0.3972757320201562,0.07635943541089511
all,4.0,150.0,0.0669114474846157,1.0740059423854957,0.04607904998111353,10.320863064028693,0.4839775045208121,0.3985806372879139,0.07207511278362991
all,4.0,120.0,0.07026397141115953,1.0716346181671887,0.04765680888123792,10.519266655987215,0.4579658524059034,0.40587915247348666,0.07909351171336033
all,5.0,90.0,0.08928597787377912,1.1205510927666145,0.047127359855026314,10.481012574741374,0.46288804192817556,0.39739497962546694,0.07914752091792558
all,5.0,150.0,0.08683002603495231,1.0915888982311872,0.04564859941896582,10.337032122357325,0.4515563251801855,0.4001274118811092,0.07295777110660596
all,5.0,120.0,0.09152114677084394,1.046418682074476,0.04683640908851333,10.387718659631886,0.48883068683706465,0.3846214266808412,0.06994893583611055
all,6.0,90.0,0.072345102085163,1.0978138200594787,0.05013543285665202,10.8884315264548,0.44940282792065833,0.3972509366739928,0.07383158613694221
all,6.0,150.0,0.09032341053422518,1.1014540727039874,0.04666432062615522,10.401124338077295,0.4697353054519553,0.38826608796280204,0.06853625690985234
all,6.0,120.0,0.07845441497882975,1.2471367368799973,0.04420117358673644,10.109803149693239,0.44304053406796706,0.40326757077311043,0.08359313463679134
