subj_id,tta,d,loss,alpha,beta,theta,noise,b_0,k,tta_crit,ndt_location,ndt_scale
616,4.0,90.0,0.2000348449396856,1.8840763770663742,0.040606763123801216,10.637346833525392,1,0.8383462816202905,0.25410484533403177,4.326791273672611,0.5081370725014609,0.09325275680081503
616,4.0,150.0,0.13109806232355026,1.7114326926543015,0.0461741842470164,11.355991055633078,1,0.5330326171033193,1.1866356466123957,3.8374882795639644,0.5171032017835655,0.1044898819933889
616,4.0,120.0,0.1345824587995845,2.8003167526791146,0.04118058689129559,10.8939890790701,1,0.5896827063815967,0.1468536334371766,4.785589650886051,0.6,0.13034309571907132
616,5.0,90.0,0.19811752422047227,1.8978701880048265,0.041018996032614385,10.73614145935187,1,0.7726291513314458,0.2548518001707544,4.319488819903701,0.5243503873259117,0.09998200391998668
616,5.0,150.0,0.18043426087974918,2.731992588917386,0.033482896098288584,9.900842605304943,1,0.772069357425248,0.531250163761914,5.602853575111823,0.5439960249726881,0.10163029268907117
616,5.0,120.0,0.13010428435595667,2.1228760497141685,0.039698963452132974,10.514436285768348,1,1.0737642802191087,0.2751565673252823,5.822760719393146,0.49027295838472046,0.08407032587742003
616,6.0,90.0,0.14481039194498768,1.7222655880033522,0.03715766678700182,10.15353839706566,1,0.9129067122390305,0.1515741585329947,5.056011915002032,0.5059334162527759,0.09090467609705716
616,6.0,150.0,0.18658174523828963,2.2631314463395156,0.03642528113728583,10.076624574474888,1,0.9244463532516342,0.4415666294018296,5.226812279549981,0.5238739500415411,0.11558498644281155
616,6.0,120.0,0.3435848338540558,1.1445526088871603,0.25485376617357486,38.81519598817781,1,3.377669079133203,0.11502158713137094,4.800407572804397,0.31309241424402223,0.0004411596206733916
