subj_id,tta,d,loss,alpha,beta,theta,noise,b_0,k,tta_crit,ndt_location,ndt_scale
525,4.0,90.0,0.06893753955759196,1.3464071095453403,0.03716288446009263,9.010676760383781,1,0.7503992738796353,0.1026538935933272,5.788200327841342,0.28399229531878745,0.11393642992390526
525,4.0,150.0,0.07044557431715086,1.0401802329541228,0.018476383566180532,6.695423555755321,1,0.9434457748834344,0.10509906353966969,4.258340475123958,0.1959820410363171,0.018783738244552872
525,4.0,120.0,0.035122021584485935,0.807206234354657,0.029110850147597782,7.488816149907697,1,1.1013691630408726,0.1,3.752100911495638,0.13225588758569662,0.0810015878948726
525,5.0,90.0,0.08542907375867553,1.8593468311254686,0.03259820735750316,8.611986436881988,1,0.5442045485282213,0.10612360215816878,5.114549311783702,0.30945804517864023,0.1163412276427009
525,5.0,150.0,0.11228886430340976,1.3561606799339083,0.024608439253178335,7.493169499836026,1,0.8499666777746472,0.10444273941497,3.047244187184524,0.23393603969530843,0.02544139003994217
525,5.0,120.0,0.06863824881174199,2.350269993744168,0.02842421431730651,7.95496125130803,1,0.6436158188232514,0.1093334347986842,4.872264447940323,0.2700444491016108,0.18682336755127463
525,6.0,90.0,0.04494903047101188,1.4584401199278987,0.031087542522780343,8.297241048197527,1,0.9432881732267895,0.3580527494986364,5.409337158793814,0.2788503570958396,0.11570472687161637
525,6.0,150.0,0.0816015801765935,2.2698621458472283,0.018912243739213297,6.912998966065466,1,0.5510914270689713,0.10532707383308548,3.3263417533551793,0.35426747276393483,0.13272693512843958
525,6.0,120.0,0.07622609643617757,2.6859941722117946,0.022022483235530754,7.136183031716371,1,0.5249098465560218,0.10764394440867797,3.4000451427199905,0.3234964569426781,0.14876138127278635
