subj_id,tta,d,loss,alpha,beta,theta,noise,b_0,k,tta_crit,ndt_location,ndt_scale
642,4.0,90.0,0.6045579054545988,2.907856367483105,0.2957199536554449,39.236251940876194,1,2.430441915115094,1.257518552256986,5.405329629759662,0.5801602688148614,0.3
642,4.0,150.0,0.04695998262436017,1.0368085722410618,0.19529795228339952,27.98707290202153,1,1.2129469446551118,0.4456942391592462,5.0527501008790665,0.5447938004961926,0.1285819951948132
642,4.0,120.0,0.18465774375732413,0.4589610779510398,0.2822268827569101,39.84313639302182,1,2.305846493520774,1.9911480059527116,3.967552368333978,0.014011161232318436,0.15669561429096246
642,5.0,90.0,0.23239784654294987,0.4250218549985553,0.0973379503325089,17.268097622137507,1,1.1176124487335741,0.2488603795331772,4.921667139767636,0.3896387482040836,0.13750177891325777
642,5.0,150.0,0.006655493093640699,1.3083671168219158,0.23205140194852308,30.29577367965128,1,2.358064519575361,1.131058507071722,3.97854689159697,0.3045473248035301,0.08157402313003842
642,5.0,120.0,0.0547787829324389,0.6911307517568763,0.25798322534935725,39.99203863440213,1,1.2122359149918414,1.9996917923697275,3.870948563516123,0.29676493424419886,0.17022544980191198
642,6.0,90.0,0.11764395541916042,1.052112440036546,0.05712283242005689,11.338858260763555,1,1.8027566799545887,0.7728003367101053,4.590433311222368,0.2808224258062554,0.22877417052662063
642,6.0,150.0,0.04970170283926455,2.6273017881282827,0.27044812176766053,34.08169423530057,1,4.5289018440857625,1.2218767459000175,4.181042578082353,0.31231235931712453,0.1447862289788653
642,6.0,120.0,0.08544196475703941,0.9412794501842906,0.20035022086516308,28.289329769963828,1,4.919001673880261,0.7124669001393096,3.8355345050579577,0.006731281713781057,0.3
