subj_id,tta,d,loss,alpha,beta,theta,noise,b_0,k,tta_crit,ndt_location,ndt_scale
616,4.0,90.0,0.04147221524124321,2.0934191524404033,0.04359076848393604,11.143268115448784,1,0.532659776444292,0.2992915155300836,4.709103522543614,0.6,0.1364683058383323
616,4.0,150.0,0.016957328791716308,1.35868273978211,0.2873373693470716,39.873814019431066,1,0.6944830026180353,0.10076027356222808,3.9463466477495444,0.6,0.16511474697367898
616,4.0,120.0,0.011136892016373566,2.497403704848173,0.08606639154043513,17.493000063924296,1,0.5571272862126797,0.10204306751175093,3.784431875955088,0.5976073053955007,0.12362534506843925
616,5.0,90.0,0.04417942718714726,3.0,0.020212744282576335,8.167377516952053,1,1.1679701106599638,0.8019139849450752,5.911991730163922,0.46622810459990843,0.0433892736459527
616,5.0,150.0,0.00884423924995297,2.139556789344128,0.08047449332828606,14.559402180698278,1,1.3053682132557567,1.441548936407804,4.552369122804366,0.3175054715217521,0.017169489068314444
616,5.0,120.0,0.0037131690253129745,1.9307553159551518,0.16003007228622818,28.001814251394403,1,1.048394109019756,0.10942996291837535,3.802129788021356,0.5006393755569519,0.04879903551177083
616,6.0,90.0,0.04609581033846001,2.995473500314552,0.012301468629017017,6.3879601438322915,1,1.315872871408911,1.3414578270952733,4.595084261524849,0.4173904293750458,0.02936312175827389
616,6.0,150.0,0.008067872501731431,2.997921492513664,0.03602801542687711,8.809434766130444,1,2.4822969359119837,1.8359425912462912,4.7007382900216745,0.2949302396227685,0.0019855845780319
616,6.0,120.0,0.010568625196575547,1.4650991777518094,0.26678123069684123,39.96211430990661,1,4.551198408607672,0.28142313782672146,4.115555506734939,0.2811601086797959,0.08297517401303056
