subj_id,tta_condition,d_condition,loss,alpha,beta,theta,b_0,k,tta_crit,ndt_location,ndt_scale
996,NA,NA,0.9979224258326771,1.320810734641507,0.02849054777623878,7.383808706018247,1.2442233841918362,0.3629727365421368,5.517337038911774,0.2628413106121748,0.08404081767549611
