subj_id,tta_condition,d_condition,loss,alpha,beta,theta,b_0,k,tta_crit,ndt_location,ndt_scale
913,NA,NA,0.32546105754003096,2.241620360799975,0.013329835757818277,6.061775981102592,0.9252427291868313,0.19218800884465465,5.417341012251876,0.3292975612235864,0.06946121480142604
