subj_id,tta_condition,d_condition,loss,alpha,beta,theta,b_0,k,tta_crit,ndt_location,ndt_scale
969,NA,NA,0.08115330872040323,2.985008600868457,0.11963382935563305,18.898058826122092,0.5314799923373856,1.9985232625984408,4.539504798986213,0.3927090569015317,0.0905715460632949
