subj_id,tta_condition,d_condition,loss,alpha,beta,theta,b_0,k,tta_crit,ndt_location,ndt_scale
776,NA,NA,0.3870211392368564,2.715568987992004,0.035034039761169145,8.317442674990833,0.5244336973105441,1.9299169110395993,3.7661708298990675,0.3707378360924517,0.11375312628817474
