subj_id,tta_condition,d_condition,loss,alpha,beta,theta,b_0,k,tta_crit,ndt_location,ndt_scale
280,NA,NA,0.8386604466383863,2.460939873285651,0.2274978233497876,35.257221160534314,4.880995319202331,0.5525513380640271,4.710914810183275,0.29109834303629645,0.047780350142656164
