subj_id,tta_condition,d_condition,loss,alpha,beta,theta,b_0,k,tta_crit,ndt_location,ndt_scale
421,NA,NA,0.42342246983293785,0.232234311744131,0.1657131175203873,23.842418322493575,1.0660003024202414,0.16354153047882947,3.7146648634387036,0.22112209876896738,0.021370800353330277
