subj_id,tta_condition,d_condition,loss,alpha,beta,theta,b_0,k,tta_crit,ndt_location,ndt_scale
827,NA,NA,0.7632358009975371,3.0,0.022843565727229048,6.880079905718936,0.5856825334357882,0.26855321115554315,5.148368683310745,0.40678114826234346,0.17188202221783383
