subj_id,tta_condition,d_condition,loss,alpha,beta,theta,b_0,k,tta_crit,ndt_location,ndt_scale
616,NA,NA,0.21431472150497025,2.0211712758263123,0.03992154802457335,10.59363848344389,0.9224801740778986,0.2635908873018175,5.692621708237435,0.4712326667411116,0.10819400036348878
