subj_id,tta_condition,d_condition,loss,alpha,beta,theta,b_0,k,tta_crit,ndt_location,ndt_scale
853,NA,NA,0.2853651003015491,0.6716389824950989,0.1107887212498839,20.41876612110931,0.967957984289781,0.1011002473154089,3.075949375815923,0.37875874970812806,0.006643640112470833
