subj_id,tta_condition,d_condition,loss,alpha,beta,theta,b_0,k,tta_crit,ndt_location,ndt_scale
618,NA,NA,0.5453131941883572,1.1848658800452165,0.03029235508611562,8.007894868911078,1.4019788751847995,0.6600151904600037,3.433162307074847,0.11937999256653502,0.050364561683437926
