subj_id,tta_condition,d_condition,loss,alpha,beta,theta,b_0,k,tta_crit,ndt_location,ndt_scale
642,NA,NA,0.5383571811864387,0.4133009015200424,0.12823469760250944,20.569473354119832,1.1395817311706438,0.24336797614893824,3.2685276733164876,0.2927029708970863,0.16033637196041498
