subj_id,tta_condition,d_condition,loss,alpha,beta,theta,b_0,k,tta_crit,ndt_location,ndt_scale
755,NA,NA,0.5301549357686768,0.41276375143057364,0.16295262664296828,23.520531325520395,1.1902332025854236,0.369459697523959,5.741558137909205,0.31313827015755824,0.09206911910070979
