subj_id,tta_condition,d_condition,loss,alpha,beta,theta,b_0,k,tta_crit,ndt_location,ndt_scale
652,NA,NA,0.6514864157063492,1.5204608579476904,0.013625345880176276,6.791631516097482,1.5304299985378196,0.10868020438328596,4.717059830920469,0.5184454483399638,0.1025296576562669
