subj_id,tta_condition,d_condition,loss,alpha,beta,theta,b_0,k,tta_crit,ndt_location,ndt_scale
129,NA,NA,0.3978962004187189,1.4457153610455489,0.018780901048367212,6.675462223965732,1.3733599775447423,1.361494281431597,3.8349555164366427,0.2569122017084622,0.04886859260535689
