subj_id,tta_condition,d_condition,loss,alpha,beta,theta,b_0,k,tta_crit,ndt_location,ndt_scale
525,NA,NA,0.33031126279558337,1.1701264555709354,0.026556837701273404,7.510016735848448,1.0398937570935696,0.10507027902982868,4.161901520673652,0.13380683315910719,0.08199017229719013
