tta_condition,d_condition,is_go_decision,RT,subj_id
4.0,90.0,0.07147023388209013,0.5376116691148877,all
4.0,150.0,0.5370089806799566,0.5992857194220896,all
4.0,120.0,0.23444260740464878,0.570635857191025,all
5.0,90.0,0.16690077034002637,0.5539193884599573,all
5.0,150.0,0.7524753038130201,0.5616572227164105,all
5.0,120.0,0.46080813123020586,0.56203507127379,all
6.0,90.0,0.3600634755371186,0.5513629364838655,all
6.0,150.0,0.9040200004999406,0.5313964675643766,all
6.0,120.0,0.735528802573503,0.5512769555267086,all
