subj_id,tta,d,loss,alpha,beta,theta,noise,b_0,k,tta_crit,nondectime,halfwidth
389,4.0,90.0,0.3116993451561977,1.5231068107633263,0.05406567331687698,11.837280179139041,1,0.8026659460497209,0.11894682953568989,3.5933294733975987,0.49473538107083037,0.1753604919129149
389,4.0,150.0,0.30184294255228417,1.5973652221813321,0.05189616840127823,11.583027097104397,1,0.800662485087673,0.10421863014511965,3.606729255899613,0.4953364825773392,0.16803880695968024
389,4.0,120.0,0.24586143312100556,1.38759317264599,0.05535693971848188,11.98575475610783,1,0.9057269885203165,0.17499712424252106,5.854947306298876,0.49324097018334495,0.17383112737813547
389,5.0,90.0,0.2989910000092457,1.5627348885852732,0.05351247980768126,11.81970032416851,1,0.7581034719523174,0.10377723100978842,3.680032107569603,0.49612701608903703,0.160965600454682
389,5.0,150.0,0.29205203156601167,1.2869681135785904,0.052152235445803774,11.53423461263113,1,0.9948806785345653,0.10976387972094033,4.539850078547304,0.45365943511249396,0.11092426684243009
389,5.0,120.0,0.2765610476151863,1.6368551476976503,0.0548454942895756,12.007387972057051,1,0.7792815861719005,0.10119572378014827,3.2102353083993074,0.49809429708775343,0.1707022591826538
389,6.0,90.0,0.1665294863660816,1.745584208962329,0.059735109282098325,12.69331169191535,1,0.6960589727083651,0.10543360017846239,3.3248136484535,0.49756197711564587,0.18094109870305228
389,6.0,150.0,0.27360602794594974,1.7344379589393695,0.05323270980974887,11.775278318859703,1,0.7309091730045725,0.10581052305352245,3.4996852541896,0.49449068818061737,0.16292321917365782
389,6.0,120.0,0.18500572184743713,2.0858137886785673,0.031404033582544684,8.412153179641015,1,2.630269725502491,0.62355363290367,5.954914664756515,0.3504976896726525,0.09221314564273489
