subj_id,tta,d,n,loss,alpha,beta,theta,noise,b_0,k,tta_crit,ndt_location,ndt_scale
389,6,120,10,0.185127362640421,2.360525829548513,0.02961379101583378,8.225412031254912,1,2.933882420908337,0.7525641508565784,5.948492009088262,0.344370151067941,0.07296170371387585
389,6,120,10,0.18481584514408617,2.225869885097101,0.030887287272002528,8.3140207887402,1,2.853293617227791,0.661981797475047,5.935873827661219,0.3370935216452317,0.060524757936645836
