subj_id,tta,d,loss,alpha,beta,theta,noise,b_0,k,tta_crit,ndt_location,ndt_scale
129,4.0,90.0,0.35710697049434,1.6153601766915817,0.01866571050704847,6.684222181234496,1,1.5204055766081013,1.1985926595285392,4.024735140810043,0.32328047235178886,0.04128856452774451
129,4.0,150.0,0.40415509958853735,1.4609137602167488,0.019196811271790598,6.751458229116005,1,2.434697210315295,0.37117079505074185,5.800836698810832,0.3567144965493712,0.039420251399655194
129,4.0,120.0,0.42470122377709885,1.463135121691889,0.019854860502407444,6.850806881087422,1,1.2035006317459425,1.3875408956728459,3.715181649377752,0.37034855865789607,0.016307398794241108
129,5.0,90.0,0.2619913010295706,1.5819502537527965,0.019185882010443852,6.703742618067292,1,1.3239188548634175,1.6559344440721597,3.7269578805793637,0.3522010470650346,0.002183146021715884
129,5.0,150.0,0.4123439370228859,1.4433207492701752,0.01920449602493666,6.7509987866574335,1,1.2251105335207624,1.4751873197929541,3.611688115096984,0.35274160637757973,0.0363958658972243
129,5.0,120.0,0.3711499685284019,1.3476058863096927,0.021068334648566,6.869716419032503,1,1.897439774346542,0.5367633425066752,4.6128736083286395,0.33528826264273953,0.01626293731269854
129,6.0,90.0,0.3209769618181871,1.3275582292727033,0.028855805332669748,8.084641262492273,1,1.131916488631889,0.8026107653587871,3.5826489812101614,0.41448319969009545,0.06250473375258743
129,6.0,150.0,0.41118179348007067,1.5073111341742513,0.019258117317165646,6.84416913449836,1,1.2980402114751581,1.0100991732092415,3.924628827565555,0.3935100173260715,0.01866118469493183
129,6.0,120.0,0.3936678692088159,1.7089132328372805,0.01904248043689192,6.716955194270667,1,1.4143889326766743,1.281195527334484,3.923169715686494,0.361673907636592,0.06919818293496448
