subj_id,tta,d,n,loss,alpha,beta,theta,noise,b_0,k,tta_crit,ndt_location,ndt_scale
642,6,150,10,0.2519283503532447,1.1320758520551035,0.06301284850444352,12.434294467888206,1,1.6187608427403282,0.7396482415018085,5.049941768485219,0.3821884927800076,0.20545885612498072
642,6,150,10,0.2524989333816607,1.128493074634181,0.06421606465867444,12.62176455665685,1,1.4440087412261484,0.7828305864906681,4.851100405739936,0.3945261428584856,0.20782826060696594
642,6,150,10,0.25139201320522736,1.116235275339436,0.06526384055277745,12.712066750688887,1,2.083775851261702,0.5932656821014435,5.884974105202719,0.38533687592131605,0.20621217645847886
642,6,150,10,0.2517973702120492,1.0753415741425885,0.06441106556745314,12.557903205400661,1,1.739862943368806,0.6782303777068651,5.177116410112564,0.3679050839204887,0.20021706993281893
