subj_id,i,loss,alpha,beta,theta,noise,b_0,k,tta_crit,nondectime,halfwidth
642,0,0.5119467530819697,0.4318086617817575,0.11985711346669416,19.518808478384514,1,1.4554225335174789,0.23003816636266894,5.193776096725412,0.34324781976337754,0.24408832897966928
642,1,0.5121222391537263,0.4584137414589349,0.11455071749099997,18.88625889081464,1,1.4376526995735273,0.27882563984333214,5.085280493529026,0.3526679430699519,0.2525655127157441
642,2,0.5127567942118442,0.4850524274358317,0.10782983919088249,18.017443538108562,1,1.0465569404088153,0.458613215388198,3.133306419210835,0.34241001940782767,0.25313318525779327
642,3,0.5127202787517068,0.4537818433782842,0.1158040301352389,19.01643300590403,1,1.2716198175393492,0.29037873074488374,4.122013286727088,0.35331358549267255,0.251057176554092
642,4,0.5123517922060716,0.4678787916066499,0.11342315842286842,18.80200084049998,1,1.2346283497096873,0.3209377586540312,4.209017099478715,0.35804769513536744,0.2665648068363612
