subj_id,i,loss,alpha,beta,theta,noise,b_0,k,tta_crit,nondectime,halfwidth
525,0,0.23416692036406667,1.9865514538794828,0.025781216131943265,7.685130456558084,1,0.5511803354721652,0.1071632315214406,4.001466839233723,0.32472335619453313,0.21609348746405999
525,1,0.22300903630597443,1.2306906949137522,0.02707162608242527,7.659900416180543,1,0.8600397510206477,0.10318269862225538,3.0484252044947535,0.22213632869175393,0.13909342300022987
525,2,0.22381381080771745,1.1768459454314395,0.025951709471070672,7.5041511238487875,1,0.9153905970838911,0.10289376245961279,3.35800018753433,0.20876618713772585,0.11762709860599595
525,3,0.2234355270059655,1.1725578705144597,0.026167394282751555,7.509264861538604,1,0.9252829672576697,0.10502430323153655,3.243816162784956,0.20243209190253486,0.11065419609070073
525,4,0.23365282798649978,1.957326356649215,0.025841455995822472,7.686354296118424,1,0.5425097753986493,0.10376567194513962,3.2279856248313763,0.3203186448832945,0.2125261848624002
