subj_id,tta,d,n,loss,alpha,beta,theta,noise,b_0,k,tta_crit,ndt_location,ndt_scale
755,NA,NA,1,0.5635886016093162,0.5734181562798453,0.12033128204681487,18.88216074496652,1,1.194322313626102,0.44433043953334284,5.859326386967622,0.37516340614151356,0.08817281274073235
