subj_id,tta_condition,d_condition,loss,alpha,beta,theta,b_0,k,tta_crit,ndt_location,ndt_scale
all,NA,NA,0.07427320663680972,1.1500940340660128,0.041908711377752775,9.826420565353043,1.0472234913988234,0.2784592724649697,5.220638276143953,0.36199049706731634,0.05513697921245042
