subj_id,tta_condition,d_condition,loss,alpha,beta,theta,b_0,k,tta_crit,ndt_location,ndt_scale
389,NA,NA,0.28088017812688293,2.0202506640030227,0.05475776626887811,12.084201473389944,0.5947704459859122,0.11188191533325666,3.113009561805565,0.4758827071449876,0.12699985383623022
