subj_id,tta,d,loss,alpha,beta,theta,noise,b_0,k,tta_crit,nondectime,halfwidth
525,4.0,90.0,0.06810847000104185,1.6320548397519827,0.03706296402806026,9.064909274983556,1,0.5443738527528363,0.10917940818004603,3.4602497959755354,0.32279070427758727,0.19323068604717816
525,4.0,150.0,0.06999583202104594,1.035088962600874,0.01871760365217281,6.73591316464588,1,0.8772235216318682,0.10600550159327878,3.364414569320866,0.20777965921003186,0.06173934078247839
525,4.0,120.0,0.03268160477138725,0.8005054066185299,0.029159887058999513,7.492347133164135,1,0.6071331503122605,1.9691498659950308,3.0231976855598366,0.13190604545250173,0.12407927856267695
525,5.0,90.0,0.08464398999048117,1.8769035346603893,0.03335717563066731,8.718540482514737,1,0.5116730151349171,0.10807453478755956,4.255141797235504,0.31851828324738424,0.18525334731056148
525,5.0,150.0,0.11329849968533034,1.3796375775117935,0.023008386538489044,7.349970105944624,1,0.8254337814154162,0.10451364786809164,3.089920397069762,0.24013143672004442,0.04387016462588249
525,5.0,120.0,0.07542839547814378,1.2568865707905552,0.028298317082563546,7.738696476505109,1,1.0308411270905078,0.1,3.764606189270884,0.15898631000373076,0.14253366328606823
525,6.0,90.0,0.04457359618754153,1.718479510596914,0.03135882813593391,8.402946210019541,1,0.5700604695424316,0.5605976821282239,3.8340728233976407,0.31984351809259953,0.20693369317771276
525,6.0,150.0,0.08147222117134628,2.7485159550346845,0.018777754549054095,6.9277724410557004,1,0.5050534662455642,0.1041970377442763,5.241666732312935,0.388911075155807,0.21689498093336682
525,6.0,120.0,0.07241981390236928,1.3622655872990863,0.022981926019113433,6.99472258934675,1,1.0362016862011398,0.12075023605362936,3.1736950482977377,0.17158268369050325,0.09050995219577976
