subj_id,tta_condition,d_condition,loss,alpha,beta,theta,b,ndt_location,ndt_scale
all,4.0,90.0,0.10021173526208133,1.599873139442995,0.04359243502086596,10.388791209492071,0.316504786882573,0.46953864229318304,0.11186395523147036
all,4.0,150.0,0.07226880258013405,1.2612208056515486,0.04334448349572723,10.361486117124555,0.41139740953533765,0.42583739175971635,0.08718943702166133
all,4.0,120.0,0.07802146126556796,1.3921941399547133,0.04379936386535664,10.404455673744069,0.36432757948612027,0.45033208414920944,0.10207319381699421
all,5.0,90.0,0.09663872470977067,1.4958676581404307,0.043851543392642155,10.439244955577694,0.3519508099011124,0.44908044872193886,0.1051167127888336
all,5.0,150.0,0.09358571939208693,1.410058243881332,0.04292804723081657,10.343676047434814,0.35121881433290136,0.44653043376606416,0.09754914256178435
all,5.0,120.0,0.10249017798578694,3.0072664617046656,0.043547303868614405,10.374788974207144,0.1672721758798592,0.5339837766751317,0.12976941701865466
all,6.0,90.0,0.07886023519802215,2.652176226211089,0.04555741193680669,10.656016257530265,0.18695352958176148,0.5168728328487814,0.12063267272153119
all,6.0,150.0,0.09784859014086293,1.3445645493106664,0.04341043565873235,10.372353277212552,0.38016516312373705,0.4243814938284584,0.08761254548220045
all,6.0,120.0,0.08251540974545638,2.620128017297209,0.04124567272436004,10.061993367264124,0.2100353947468463,0.5092218436899059,0.12348255352751394
