subj_id,tta_condition,d_condition,loss,alpha,beta,theta,b,ndt_location,ndt_scale
642,NA,NA,0.5359720853240509,1.8444696060273975,0.12586995993762376,21.738150500302336,0.12584174063314002,0.6510606886600273,0.2483247068799436
