subj_id,tta,d,loss,alpha,beta,theta,noise,b,ndt_location,ndt_scale
618,NA,NA,0.6229428792978866,4.829379282156501,0.03453219610351329,9.375883201944255,0.1640492417287862,0.6073267192124333,0.2584751708266629
