subj_id,tta_condition,d_condition,loss,alpha,beta,theta,b,ndt_location,ndt_scale
980,NA,NA,0.8614167888834845,0.2377843384610879,0.23070893372747714,14.444012015661292,0.10252051561447262,0.5629637023710693,0.21131567788416916
