subj_id,tta,d,loss,alpha,beta,theta,noise,b,ndt_location,ndt_scale
129,NA,NA,0.6252036601183947,1.2882230209210668,0.024961829944707553,8.1535227628238,0.6286351072488234,0.49045024511328955,0.09949435893018443
