subj_id,tta,d,loss,alpha,beta,theta,noise,b,ndt_location,ndt_scale
389,NA,NA,0.28374875670734806,4.99315380153427,0.05156352328110424,11.843761353162671,0.12569234450325206,0.618106498069333,0.14023716424456886
