subj_id,tta,d,loss,alpha,beta,theta,noise,b,ndt_location,ndt_scale
652,NA,NA,0.6263778702105733,2.5557983044629276,0.01508654414544465,7.589357304467336,0.34894957641856106,0.7936300396015807,0.16288025165913997
