subj_id,tta_condition,d_condition,loss,alpha,beta,theta,noise,b,ndt_location,ndt_scale
853,NA,NA,0.1744449834241545,1.246014011698364,0.058194412416537375,14.0035504105602,0.4299030559308652,0.48784586949983577,0.017648334495143466
