subj_id,tta_condition,d_condition,loss,alpha,beta,theta,noise,b,ndt_location,ndt_scale
913,NA,NA,0.3124658477637848,4.627886239587518,0.013409662699684645,6.217613592706589,0.20208668293260423,0.5100680744205539,0.11190903407420508
