subj_id,tta_condition,d_condition,loss,alpha,beta,theta,b,ndt_location,ndt_scale
421,NA,NA,0.7517562924187186,0.6114479435527791,0.07604683165736227,14.342695343544236,0.447445057367017,0.3671295893518497,0.08528350274772188
