subj_id,tta,d,loss,alpha,beta,theta,noise,b,ndt_location,ndt_scale
525,NA,NA,0.20026499023614985,1.2591384879368375,0.02526935446603167,7.721196277419938,0.4595066369208065,0.2219285224511081,0.08391936274608636
