subj_id,tta_condition,d_condition,loss,alpha,beta,theta,b,ndt_location,ndt_scale
969,NA,NA,0.2653383450859777,3.7718682706958497,0.38978310191999577,51.335394462515175,0.1642292046638829,0.44099721602240327,0.10437263910776984
