subj_id,tta,d,loss,alpha,beta,theta,noise,b,ndt_location,ndt_scale
280,NA,NA,1.283971448098815,5.0,0.28907077404676274,47.9897888946792,0.18429853120566708,0.6667812050007204,0.11348160509185368
