subj_id,tta,d,loss,alpha,beta,theta,noise,b,ndt_location,ndt_scale
755,NA,NA,0.6419566144574941,0.8855704225925077,0.1422563433678615,21.978799342805615,0.2260153358737793,0.5085577311651204,0.13063812138003802
