subj_id,tta_condition,d_condition,loss,alpha,beta,theta,noise,b,ndt_location,ndt_scale
969,NA,NA,0.29911459624524434,4.005661388306565,0.40256550696234955,52.766043977692625,0.13906725426231548,0.5155332287643882,0.10996429121976299
