subj_id,tta,d,loss,alpha,beta,theta,noise,b,ndt_location,ndt_scale
776,NA,NA,0.45691463043044306,3.357409400949109,0.037410770926914444,8.76019899971946,0.2642902029467984,0.5068578557689654,0.1318145346490083
