subj_id,tta,d,loss,alpha,beta,theta,noise,b,ndt_location,ndt_scale
616,NA,NA,0.20973621219574456,1.864904157910706,0.04250709290291835,11.222130612332464,0.4217105699218542,0.5185843706800989,0.09273651910894212
