tta_condition,d_condition,is_go_decision,RT,subj_id
4.0,90.0,0.10506988593927885,0.4934793297221212,all
4.0,150.0,0.507811669987408,0.5568311196358692,all
4.0,120.0,0.26787125491489955,0.5288428866509797,all
5.0,90.0,0.17086976147002902,0.5528991517305044,all
5.0,150.0,0.7360108773715699,0.5631426105795472,all
5.0,120.0,0.44694424341138517,0.5804603126835843,all
6.0,90.0,0.31309603339511605,0.6073751867564389,all
6.0,150.0,0.9420866572036756,0.5615640307546012,all
6.0,120.0,0.7810088210796474,0.6361728511969537,all
