subj_id,tta,d,loss,alpha,beta,theta,noise,b_0,k,tta_crit,nondectime,halfwidth
525,4.0,90.0,0.16469494312808294,1.0732173903082316,0.025528161507399883,7.402675492542946,1,0.9418414604335091,0.1026158560507962,4.170343985751698,0.20816396085323324,0.13091136039730794
525,4.0,150.0,0.2067422991857403,1.2169919630106751,0.024291224748344387,7.335829954993711,1,0.9501990385363295,0.10146018505240728,3.525790521223652,0.2070501739959975,0.11681717404125509
525,4.0,120.0,0.1940523875448538,1.1714329922217441,0.02639798959930456,7.567247880888409,1,0.9077463844247264,0.10952036073329474,3.332871206822647,0.2002116559289769,0.11206696761051536
525,5.0,90.0,0.18814537286610286,1.3390091989335353,0.027939259947108046,7.8270547376608155,1,0.9436574543132372,0.10578595381231713,5.472092296074403,0.23619600510594388,0.1419965520041908
525,5.0,150.0,0.21320141376905027,1.1728817831467302,0.026844429890166555,7.628421233945332,1,0.8886460503093814,0.10131999776191059,3.2933405763298906,0.2093871088047988,0.11923234554414786
525,5.0,120.0,0.20782123427018606,1.1507679257091197,0.026603257513566642,7.532798883772724,1,0.9466643015868852,0.10470848166705551,3.1106472424503115,0.19273108367225872,0.11065456473165057
525,6.0,90.0,0.19657791014845472,1.564292090565926,0.027604229365126246,7.854542850835447,1,0.6760219329667038,0.10268077313578276,3.859999446085679,0.29437013350982283,0.18786760335851507
525,6.0,150.0,0.1928233176093279,1.190767641543246,0.027026959565540187,7.626685938530311,1,0.9135362536991476,0.10716790858315905,3.006655552680682,0.20688548133175114,0.08222046715813885
525,6.0,120.0,0.1730622035805509,1.155879524703361,0.02596236723511591,7.430190639474597,1,0.996966755967697,0.1041632550963344,3.0292470705379633,0.18072691939400995,0.1380228917668062
