subj_id,tta,d,loss,alpha,beta,theta,noise,b_0,k,tta_crit,ndt_location,ndt_scale
389,4.0,90.0,0.05686724093411616,1.6919064927458087,0.09208840368596084,16.726775592342044,1,0.5027197720915197,0.39475809572663295,5.945647652768459,0.5713917787933881,0.14393795985759042
389,4.0,150.0,0.20898669590391156,1.3733013614414524,0.28776962525110067,39.801200725446364,1,0.5109475010181609,0.23436609171150108,4.233550580139492,0.501517513934108,0.11742544051931657
389,4.0,120.0,0.059058544342035654,3.0,0.022909384513483445,7.597922677894821,1,3.5928747452504974,1.1620460737228142,5.948668357964419,0.3413257496573687,0.09025203170759914
389,5.0,90.0,0.0765145253089606,3.0,0.061203095177719456,13.140148036527066,1,0.5345654439171525,0.10255006606399694,5.8159624827896375,0.5615745141588727,0.13972931070789785
389,5.0,150.0,0.12168321210386865,2.9980462905928285,0.01615328615189883,7.586452546359175,1,0.9931698646436499,0.12836890104497467,4.016165143769436,0.4559511064763784,0.0066895814866799125
389,5.0,120.0,0.05055989059774958,1.733813774202116,0.03249737301847131,8.450391944367864,1,1.9670156426350531,0.7927480954328749,4.83972446923142,0.3282209097675133,0.007596907258183694
389,6.0,90.0,0.052285562052956834,2.986487249225347,0.04218309957631155,10.286961460266783,1,0.5571675519712739,0.1032223665342487,3.1802896593673675,0.5143465471152052,0.11928980907286996
389,6.0,150.0,0.005218286557458307,2.9901665854204875,0.3167324211183212,39.666547793600174,1,4.950378929017734,0.10001843816359084,4.404105687536398,0.2908414427650866,0.09335706186144017
389,6.0,120.0,0.005467220432714753,2.997432965845092,0.20233575138275772,34.04621116350015,1,0.8545215535856421,0.5158488875454671,5.713492305443381,0.5238029042770869,0.12574566271518559
