subj_id,tta_condition,d_condition,loss,alpha,beta,theta,b_0,k,tta_crit,ndt_location,ndt_scale
all,4.0,90.0,0.06606478270737659,1.143352174321743,0.04190170469085902,9.842082714530635,0.833895682294633,0.3710637395514492,3.9997810505904017,0.3704550455229188,0.06238856831076946
all,4.0,150.0,0.061728434547370675,1.1597789020603337,0.04211137092100381,9.874831676438486,1.0227615659491154,0.16300675863400232,5.532372425873318,0.3824774992232107,0.06388301471204878
all,4.0,120.0,0.05491019364470061,1.0916641559358677,0.04438918248574436,10.113778051309911,0.7888995833680194,0.32473715273970527,3.4778578271551255,0.37708245248128264,0.06349150407556675
all,5.0,90.0,0.0682447585425643,1.1525141176431577,0.04246757733004036,9.90027864690365,0.9246949276667933,0.30418960693512165,4.298534705966858,0.3635020358757519,0.05878428140806348
all,5.0,150.0,0.06098764805833659,1.1149024977595614,0.03964863612328963,9.600448609804555,1.0307154322399874,0.31219304854003366,5.004446707180062,0.35346770949746437,0.04362172545469522
all,5.0,120.0,0.07137906215795269,1.1296626321637457,0.04200702111589533,9.825155018896467,0.894874803695169,0.304489684880734,3.94391288776265,0.3601223488187713,0.055954141725329046
all,6.0,90.0,0.05544445271978409,1.1585389049563386,0.04690804052980069,10.51294699775191,0.9225267954886247,0.29711437590249956,4.816299670267483,0.3770476290752097,0.06564666868665148
all,6.0,150.0,0.07142105029469902,1.1922435051202607,0.04158862425996141,9.789056085226218,0.8885304100934984,0.32123946530742487,4.143506560094565,0.36453532488622076,0.05555235503971253
all,6.0,120.0,0.04853572193276088,1.3408837983428932,0.03731010135669116,9.204007476703588,1.0999419979091052,0.4041366933819981,5.093854865995262,0.35253046516872955,0.05934884660339734
