subj_id,tta,d,loss,alpha,beta,theta,noise,b_0,k,tta_crit,nondectime,halfwidth
642,4.0,90.0,0.30328594356720834,0.19007105812655278,0.22129537047971753,31.58456453529091,1,1.3299541882434922,0.10068985959456367,5.570530181475574,0.3796044583841471,0.25515156141173423
642,4.0,150.0,0.04726455681214445,1.0312835865089092,0.1742384069209354,25.280166585558675,1,1.2106091232357885,0.6292200620867583,4.515101880063853,0.4988897271144675,0.17514086592720396
642,4.0,120.0,0.18285874155145954,0.4101831781820382,0.2843815375560261,39.97366749171387,1,2.155751432170924,1.9939196177612133,3.9394156788276184,0.015206454482764531,0.24928561046052858
642,5.0,90.0,0.23023596726211054,0.43090071275209857,0.09326551205042387,16.689285160297167,1,1.1344259030080421,0.25282174048263156,4.694201162730874,0.3847140957333355,0.22464930028823926
642,5.0,150.0,0.006266799892667712,2.526519987680426,0.21063569842826793,29.322373619672288,1,2.197753274326819,1.0877636326238043,5.228409658458731,0.49858238466047633,0.23110544246493353
642,5.0,120.0,0.061846093263359256,0.3111792039428834,0.25902621633557293,39.92989652106345,1,0.9765900941581631,0.5499980175893967,4.026689041704629,0.3429102756164444,0.2632974381017605
642,6.0,90.0,0.1140267858531013,1.0520991802053161,0.05137261691701473,10.42848408988668,1,1.2640699949978842,1.6673964765125888,3.4884710135043506,0.21204653429496148,0.29923666021806317
642,6.0,150.0,0.04918755472443054,2.9521594483572,0.15029276277711645,21.774006667995298,1,1.7675363694505923,1.6717555765170393,4.310283880371151,0.46044180158067055,0.24652606650627348
642,6.0,120.0,0.09235354130890144,0.7035448049767975,0.10312784433572841,15.891158094041039,1,2.8474688512049546,0.6417194220183449,3.5781845773223586,0.0029041464053310984,0.2986572392583759
