subj_id,tta,d,loss,alpha,beta,theta,noise,b_0,k,tta_crit,nondectime,halfwidth
755,4.0,90.0,0.20491820034040692,2.0116697683540785,0.29778505697269314,39.63915670535593,1,2.895675744324995,1.9974827602855778,5.985609897059905,0.480183020793669,0.18919706265378172
755,4.0,150.0,0.23360331444335866,0.21458905795464123,0.30966347789065796,39.482390491554156,1,1.2321068900406527,0.8601550244371967,5.585743952676314,0.35747016166055573,0.010429907965028462
755,4.0,120.0,0.04320256445898632,1.7399205556646486,0.06477641191106775,12.672916007238628,1,0.6364116451277507,0.6540227681571997,5.3931561514235975,0.4973655710084144,0.17117086424515052
755,5.0,90.0,0.0578636465684175,2.9079162197253283,0.11685255528268707,19.09411620883153,1,2.1925175834506367,1.9676460821231911,5.966597141576013,0.475554204376813,0.24720907390477703
755,5.0,150.0,0.15446196035178167,0.3622084254749805,0.1914363996113799,27.47775710273129,1,0.9364740117072119,0.2969492969697504,4.437886023156337,0.41376436281385476,0.015944641758884465
755,5.0,120.0,0.05929052258971694,2.980708741352079,0.044443032321118854,10.094181204171527,1,0.8712502377140197,0.8504308684803517,4.9413083647398,0.45522851749395227,0.26735985813300855
755,6.0,90.0,0.09597492241371897,2.427985555064943,0.03440462186610237,8.351794573010698,1,0.5691103540496465,0.4968529236529991,5.851934213479922,0.47632029321705555,0.22458405692710565
755,6.0,150.0,0.0839047414747049,0.9362259439902542,0.2428032171181117,31.19425916949544,1,1.5407999342408254,0.12660302452334782,5.011415470461498,0.244219132155565,0.02478365551889808
755,6.0,120.0,0.11334975566149895,2.9572648488622444,0.23415147302760886,38.139860666436924,1,4.503722569177022,1.94112123749636,5.77794310364377,0.4682758709133618,0.2538449389443423
