tta_condition,d_condition,is_go_decision,RT,subj_id
4.0,90.0,0.07803032721320279,0.5281837236355196,all
4.0,150.0,0.5214953288271007,0.590118567811345,all
4.0,120.0,0.24210664527043982,0.5665419187975957,all
5.0,90.0,0.17291124339467326,0.5546161721051398,all
5.0,150.0,0.7560160669147843,0.5712127849738101,all
5.0,120.0,0.45628879352955437,0.5862898365503495,all
6.0,90.0,0.3444055379929929,0.5699119343998076,all
6.0,150.0,0.9184682893593176,0.5368957833973792,all
6.0,120.0,0.7329623563942997,0.5718185775835016,all
