subj_id,tta_condition,d_condition,loss,alpha,beta,theta,b_0,k,tta_crit,ndt_location,ndt_scale
all,4.0,90.0,0.05998354484679243,1.164031832346078,0.03972732174524857,9.56040760901587,0.9715494273707947,0.3179153068248969,5.166171425029701,0.4355305916931506,0.06878642895176434
all,4.0,150.0,0.05642882413202857,1.1408325981033778,0.040369887981217545,9.642463177656749,0.9494275128680941,0.22857600857970786,5.089339310221026,0.4430335349922624,0.06553876915065059
