subj_id,tta_condition,d_condition,loss,alpha,beta,theta,b_0,k,tta_crit,ndt_location,ndt_scale
all,4.0,90.0,0.05998354484679243,1.164031832346078,0.03972732174524857,9.56040760901587,0.9715494273707947,0.3179153068248969,5.166171425029701,0.4355305916931506,0.06878642895176434
all,4.0,150.0,0.05642882413202857,1.1408325981033778,0.040369887981217545,9.642463177656749,0.9494275128680941,0.22857600857970786,5.089339310221026,0.4430335349922624,0.06553876915065059
all,4.0,120.0,0.039716920676003756,1.0861603305035854,0.042307827349537544,9.845601835511939,0.7510791864373757,0.36841765110981983,3.7184375713087783,0.44564914766919655,0.06869152422766897
all,5.0,90.0,0.05657165900472292,1.182858835288095,0.04023366812932885,9.63687730156096,0.7892021994401093,0.3786971781691003,3.8861576310234427,0.4342899583071875,0.06717248589898982
all,5.0,150.0,0.046362394035735555,1.1315278736031977,0.03845031294447221,9.472189180587236,1.0635504105168905,0.29086781173765186,5.8720319488247,0.4353743576035248,0.06222804769174391
