subj_id,tta,d,loss,alpha,beta,theta,noise,b_0,k,tta_crit,ndt_location,ndt_scale
389,4.0,90.0,0.3034980824616361,2.53683477854373,0.052439655913093186,11.830704079301707,1,0.5263699902235244,0.10455762865692175,5.236964396538722,0.5697343368502068,0.13313844019168627
389,4.0,150.0,0.29239650271963813,2.357097767459499,0.051862146557329014,11.745824103560192,1,0.5239665411639538,0.10836605672228405,3.4242943762557503,0.56844075760622,0.13858314516382012
389,4.0,120.0,0.24611251936327333,1.3797864318525885,0.05531047205518411,11.973050317735492,1,0.8705579487939589,0.16208830936268862,5.42889774274563,0.48634537393037214,0.10382941926542058
389,5.0,90.0,0.2963032591704536,1.7530285717168015,0.052396590533727146,11.703457694429835,1,0.7216484621138103,0.1082138634183501,4.529903097992963,0.5179807514189773,0.11705339256572564
389,5.0,150.0,0.29145618527590345,1.3404674196531978,0.05260128519975327,11.594600144064797,1,0.9805159397637357,0.10008627323752117,5.028864170028127,0.46823911029685383,0.08569696456084273
389,5.0,120.0,0.2684162562530869,2.6842172669157356,0.053394376917793716,12.030632815382928,1,0.5056433662059381,0.1075036244725954,4.733973539142749,0.5730026561754181,0.13395598320102917
389,6.0,90.0,0.15866849481826267,2.5360663644910963,0.057538900538282076,12.544171410784,1,0.5114461513443216,0.10417823436954557,4.400738795235301,0.5489983372273868,0.13520961741680831
389,6.0,150.0,0.2724080648039741,2.4403896488999184,0.05220215318190885,11.803847820626743,1,0.5527167525861052,0.10433167931985499,5.460439591324297,0.5401024018328857,0.11403294617140763
389,6.0,120.0,0.18695317663877228,2.1435048172380418,0.031062022339857893,8.407816531744976,1,2.2485748001382455,0.7044632734725402,5.549901798111368,0.35287312561284434,0.0573182755289757
