subj_id,tta_condition,d_condition,loss,alpha,beta,theta,b,ndt_location,ndt_scale
all,4.0,90.0,0.09097406362712121,3.1785990083119118,0.04152976925121117,10.084208150623574,0.15059876795800697,0.5938193450774988,0.12687901511868013
all,4.0,150.0,0.07330679195453749,1.2107499141467974,0.042136211778249374,10.147499898280996,0.4017257504880911,0.484024299414106,0.08637498713257488
all,4.0,120.0,0.06957969422027963,3.1030350123001247,0.04238584586898612,10.164895848870279,0.14967275685246406,0.6013466092853035,0.12718029798202435
all,5.0,90.0,0.08999014159117397,1.4516680635060408,0.04229097194751155,10.192475064672536,0.3423046062128918,0.5095973463496546,0.10392158476084441
all,5.0,150.0,0.08442174795617073,1.3388787973808365,0.040429442079102394,9.983585175912097,0.3533990666145752,0.5026850697366481,0.09530475139465716
all,5.0,120.0,0.0944839014177776,2.122927714432369,0.041494876322442156,10.060158980944818,0.22617737853479092,0.56620166196553,0.12193122876589566
all,6.0,90.0,0.07434779785804436,2.901281897727563,0.042343942432135934,10.187377547574064,0.16038847252889088,0.5797138244082088,0.11824438732548057
all,6.0,150.0,0.09369624774965736,2.0119708520182864,0.04160295608012244,10.0928586689979,0.23620402963548282,0.5592180947525193,0.11507460250241013
all,6.0,120.0,0.07876233299221465,1.7524552586209414,0.04039724525130423,9.916319421157056,0.293748223826638,0.5283771354376591,0.11092301353021436
