subj_id,tta_condition,d_condition,loss,alpha,beta,theta,b,ndt_location,ndt_scale
all,4.0,90.0,0.09097406362712121,3.1785990083119118,0.04152976925121117,10.084208150623574,0.15059876795800697,0.5938193450774988,0.12687901511868013
all,4.0,150.0,0.07330679195453749,1.2107499141467974,0.042136211778249374,10.147499898280996,0.4017257504880911,0.484024299414106,0.08637498713257488
all,4.0,120.0,0.06957969422027963,3.1030350123001247,0.04238584586898612,10.164895848870279,0.14967275685246406,0.6013466092853035,0.12718029798202435
all,5.0,90.0,0.08999014159117397,1.4516680635060408,0.04229097194751155,10.192475064672536,0.3423046062128918,0.5095973463496546,0.10392158476084441
all,5.0,150.0,0.08442174795617073,1.3388787973808365,0.040429442079102394,9.983585175912097,0.3533990666145752,0.5026850697366481,0.09530475139465716
