subj_id,tta_condition,d_condition,loss,alpha,beta,theta,b_0,k,tta_crit,ndt_location,ndt_scale
755,NA,NA,0.5319200800438687,0.44929348240359995,0.151841590988865,22.27786200025517,1.0491056249208157,0.39926640240406647,5.212551054029148,0.3177757598417265,0.09540360497870143
