subj_id,tta,d,loss,alpha,beta,theta,noise,b_0,k,tta_crit,ndt_location,ndt_scale
853,NA,NA,0.19581696508383323,1.4747134178157013,0.05757867965179908,13.627684134038777,0.7614275168272961,0.10265336605158815,5.030065463325456,0.518914199452092,0.04132354778996919
