subj_id,tta_condition,d_condition,loss,alpha,beta,theta,b_0,k,tta_crit,ndt_location,ndt_scale
616,NA,NA,0.21478461798820128,2.0196247704281935,0.04102097077291119,10.751196961446896,0.8483470166396713,0.20049069218802446,5.333475682900997,0.47819922353025596,0.11058577647850998
