subj_id,tta_condition,d_condition,loss,alpha,beta,theta,b_0,k,tta_crit,ndt_location,ndt_scale
969,NA,NA,0.06037719584468809,4.979200386987878,0.157210450629847,23.618157882071305,0.5326631890156941,1.9768351449046238,5.096570792464508,0.4170082899047778,0.09882764267480076
