subj_id,tta,d,loss,alpha,beta,theta,noise,b_0,k,tta_crit,ndt_location,ndt_scale
913,NA,NA,0.3231959105973511,2.151683108933385,0.01358092010748665,6.075602744783068,0.8065946693256765,0.1948280707980087,3.8058818335170255,0.3949139494228957,0.06733625283946289
