subj_id,tta_condition,d_condition,loss,alpha,beta,theta,b_0,k,tta_crit,ndt_location,ndt_scale
all,NA,NA,0.07429218844899814,1.141096596296568,0.04241416429755681,9.886499772856308,0.9014602247251242,0.28578324412983847,4.153265087465407,0.36517188745139545,0.0572212129869341
