subj_id,tta_condition,d_condition,loss,alpha,beta,theta,b_0,k,tta_crit,ndt_location,ndt_scale
525,NA,NA,0.32970081330693723,1.1335177222217623,0.027239167122301466,7.574976609967568,1.051087497520297,0.10279836208366103,3.976779140812865,0.12739789341860608,0.07373723457906307
