subj_id,tta,d,loss,alpha,beta,theta,noise,b_0,k,tta_crit,ndt_location,ndt_scale
969,NA,NA,0.10236535549325192,3.0,0.12992116010294194,20.12280758173277,0.5205678936682345,1.9821090141561961,4.637355859485016,0.4694016258374759,0.10041767267274249
