subj_id,tta,d,loss,alpha,beta,theta,noise,b_0,k,tta_crit,ndt_location,ndt_scale
996,NA,NA,1.111436504622454,2.7710371366767133,0.05794715659510341,10.43552164107503,2.1226390574241965,1.993894166385644,5.986550586488073,0.45550636613140183,0.1502268204222143
