subj_id,tta_condition,d_condition,loss,alpha,beta,theta,b_0,k,tta_crit,ndt_location,ndt_scale
853,NA,NA,0.2871571792812621,0.693255461576695,0.11598570555895421,21.220282775536155,0.9473808835149524,0.10266064917278606,3.9129998382311397,0.3848811973236618,0.029693328159185073
