subj_id,tta,d,loss,alpha,beta,theta,noise,b_0,k,tta_crit,ndt_location,ndt_scale
129,NA,NA,0.4390787228085919,1.5346670875160229,0.019857185663514687,6.866186569143432,1.2568075050474978,1.2399604291205606,3.8001830161132206,0.37669224713853844,0.03244284512596737
