subj_id,tta,d,loss,alpha,beta,theta,noise,b_0,k,tta_crit,ndt_location,ndt_scale
all,NA,NA,0.062238636347766156,1.1328466942078836,0.039997781714111315,9.582101961492514,1.0194421430599114,0.29543589590405167,5.330062262450526,0.42892845703487675,0.060414315461394405
