subj_id,tta_condition,d_condition,loss,alpha,beta,theta,b_0,k,tta_crit,ndt_location,ndt_scale
129,NA,NA,0.3981300048176575,1.4651007960130298,0.01866371015796871,6.680473059125718,1.3588252810618253,1.3563597928672095,3.860662349330297,0.26484990080693477,0.047673640399029875
