subj_id,tta_condition,d_condition,loss,alpha,beta,theta,b_0,k,tta_crit,ndt_location,ndt_scale
421,NA,NA,0.4232197982122376,0.20514344008312832,0.18754940115943572,26.239769563241264,1.1508898294762053,0.15633440290857933,4.453768706310652,0.21772500158286384,0.016762918011378605
