subj_id,tta_condition,d_condition,loss,alpha,beta,theta,b_0,k,tta_crit,ndt_location,ndt_scale
280,NA,NA,0.3199421640398571,2.1664843496783113,0.038773642954456455,9.472298237411072,4.212950056755373,0.7191243965664905,5.941148877020455,0.24034450925305084,0.009653391319983523
