subj_id,tta_condition,d_condition,loss,alpha,beta,theta,b_0,k,tta_crit,ndt_location,ndt_scale
996,NA,NA,0.9593405241342734,3.220153954484413,0.05986687567434318,10.707635304427042,1.5252320437870535,1.9748220637812575,5.8997588593332635,0.41081217505303724,0.15226406469945225
