subj_id,tta_condition,d_condition,loss,alpha,beta,theta,b_0,k,tta_crit,ndt_location,ndt_scale
776,NA,NA,0.3874584669514397,4.857660669975236,0.03842879451756696,8.854949329894124,0.5741764362508311,0.6750916984035769,5.543533490618568,0.4417445395291942,0.13115874031050867
