subj_id,tta,d,loss,alpha,beta,theta,noise,b_0,k,tta_crit,ndt_location,ndt_scale
389,NA,NA,0.30499186125212807,2.3544069425853693,0.05225285906976862,11.791501949175732,0.5028907160579692,0.10427210914085216,3.220821422543582,0.5638136134579471,0.13400800147348885
