subj_id,tta,d,loss,alpha,beta,theta,noise,b_0,k,tta_crit,ndt_location,ndt_scale
652,NA,NA,1.8173543820011615,2.2134812040307357,0.23167194423151785,36.89355297422461,2.921373105747495,0.22196194033188585,3.287514796483033,0.5566103403060325,0.13939684304813682
