subj_id,tta_condition,d_condition,loss,alpha,beta,theta,b_0,k,tta_crit,ndt_location,ndt_scale
827,NA,NA,0.7195596898596723,4.952818168224897,0.023484673682976298,7.019832147052048,0.5126574895624052,0.460045180977248,5.977391749750867,0.43627196042761657,0.18007266408800138
