subj_id,tta_condition,d_condition,loss,alpha,beta,theta,b_0,k,tta_crit,ndt_location,ndt_scale
389,NA,NA,0.27751930920378654,2.4746815922925887,0.053873655230222584,12.043279660722737,0.5293888383037553,0.10780930408095835,4.999867175381295,0.5034766083401241,0.136171262168737
