subj_id,tta,d,loss,alpha,beta,theta,noise,b_0,k,tta_crit,ndt_location,ndt_scale
525,NA,NA,0.22187156106409706,1.2544188763053201,0.0266664776120814,7.618945407819369,0.8575603638885964,0.10252866584496005,3.195732399812664,0.22348495245121075,0.08885967094774956
