subj_id,tta,d,loss,alpha,beta,theta,noise,b_0,k,tta_crit,ndt_location,ndt_scale
280,NA,NA,0.3390541412021434,2.439737369289857,0.031243549483028432,8.461045376510206,4.46771184639681,0.9364047196925778,5.469244987367279,0.23451464077955186,0.003684265958309507
