subj_id,tta,d,loss,alpha,beta,theta,noise,b_0,k,tta_crit,ndt_location,ndt_scale
618,NA,NA,0.5317988723454006,1.2026758186689288,0.030090039109714934,8.011130262987162,1.3295924986591479,0.7205374593845888,3.3743166779189573,0.17923742332120668,0.05428440528814671
