subj_id,tta,d,loss,alpha,beta,theta,noise,b_0,k,tta_crit,ndt_location,ndt_scale
827,NA,NA,0.7470445133979952,2.9880251712512083,0.023075083592014177,6.925859676502139,0.6428552080115462,0.34550639751983797,5.574263552980913,0.4768320741795663,0.17049187785673175
