subj_id,tta,d,loss,alpha,beta,theta,noise,b_0,k,tta_crit,ndt_location,ndt_scale
642,NA,NA,0.5173596753150296,0.44984473067833686,0.11740355769526058,19.213918215489063,1.2067144067992406,0.34715656092034713,3.8349311262508534,0.3378213204497548,0.15156157233632195
