subj_id,tta,d,loss,alpha,beta,theta,noise,b_0,k,tta_crit,ndt_location,ndt_scale
616,NA,NA,0.19918585552145418,2.072518016318586,0.03930247208965057,10.51288950861061,0.9061681163622934,0.2697871322020768,5.630626606489666,0.5250889068161446,0.10045153964782032
