subj_id,tta_condition,d_condition,loss,alpha,beta,theta,b_0,k,tta_crit,ndt_location,ndt_scale
652,NA,NA,0.6505556142864799,1.7854055323866167,0.013603965061492824,6.981797871525728,1.0855877571768437,0.10945981082870027,3.038808791676191,0.622211372239921,0.15749893485645133
