subj_id,tta_condition,d_condition,loss,alpha,beta,theta,b_0,k,tta_crit,ndt_location,ndt_scale
642,NA,NA,0.5379352002119429,0.4096825293523421,0.13528377916436474,21.634809643674757,1.2964515145770872,0.18498299379419852,5.1421723365643865,0.325357880580601,0.1780576518373173
