subj_id,tta_condition,d_condition,loss,alpha,beta,theta,b_0,k,tta_crit,ndt_location,ndt_scale
913,NA,NA,0.3257403542799711,2.3418862561620823,0.013647367814772,6.10758947552625,0.7324501889080753,0.14708166550056906,3.1781716280885375,0.34438782212955793,0.078173648516156
