subj_id,tta,d,loss,alpha,beta,theta,noise,b_0,k,tta_crit,ndt_location,ndt_scale
421,NA,NA,0.68813144105755,0.5904874777797636,0.07485521639024716,13.637947657826254,1.1199251783391637,0.21594906653336823,5.585617703376046,0.3285569221569927,0.06383474704743006
