subj_id,tta,d,loss,alpha,beta,theta,noise,b_0,k,tta_crit,ndt_location,ndt_scale
776,NA,NA,0.39117374392798804,2.7423630336637483,0.035181199187257525,8.352890177584865,0.5088315498118748,1.970744012476518,3.8016283865460867,0.4472478051865472,0.11885503560622085
