subj_id,tta_condition,d_condition,loss,alpha,beta,theta,b_0,k,tta_crit,ndt_location,ndt_scale
618,NA,NA,0.5452463520046457,1.2025507852850195,0.029875238005312596,7.956272219294291,1.3257872072408667,0.8034429877120648,3.3360200759541954,0.11669863781358825,0.04768339196951066
