subj_id,tta,d,loss,alpha,beta,theta,noise,b_0,k,tta_crit,ndt_location,ndt_scale
755,NA,NA,0.56201890927613,0.545174309965337,0.11904276725692031,18.644412703811522,1.0961614492518008,0.4277771916575075,5.460573811161001,0.368260626028083,0.0807312939680063
