subj_id,tta_condition,d_condition,loss,alpha,beta,theta,b_0,k,tta_crit,ndt_location,ndt_scale
652,NA,NA,0.7943729005537438,1.3025518991029712,0.015936555220805664,6.874217375075135,1.8321830818459555,0.10331347282836517,3.2577506496855992,0.5159410336927399,0.06331660191820432
