tta_condition,d_condition,is_turn_decision,RT,loss
4.0,90.0,0.06317361036277881,0.504310107669803,0.12177932347455403
4.0,150.0,0.4752442321452196,0.5656712463891614,0.12177932347455403
4.0,120.0,0.20078625529484911,0.5431914104959615,0.12177932347455403
5.0,90.0,0.1291751337537528,0.5775109853971221,0.12177932347455403
5.0,150.0,0.7325704031882192,0.6127562766459388,0.12177932347455403
5.0,120.0,0.38245060951645876,0.6180203556718811,0.12177932347455403
6.0,90.0,0.27893037984873853,0.6682807721326786,0.12177932347455403
6.0,150.0,0.9263555986342483,0.6152464409531929,0.12177932347455403
6.0,120.0,0.6565626851149211,0.6813245840617124,0.12177932347455403
