subj_id,tta,d,n,loss,alpha,beta,theta,noise,b_0,k,tta_crit,ndt_location,ndt_scale
all,4,150,0,0.048464275701823115,1.1084722, 0.04897905, 10.87350454, 1, 0.93515782, 0.10662292, 3.69728516, 0.44245205,0.07677743
all,4,150,2,0.048756354410556514,1.113665293573807,0.04874611888009239,10.855387783681921,1,0.9285605756897373,0.10246520309086238,3.9694809001304527,0.44730847683688035,0.07939713175290708
all,4,150,2,0.04853018691686691,1.117159583480866,0.049467121719112966,10.946062035382896,1,0.9545813077227597,0.10365807755331785,4.496940401404594,0.44745218915132456,0.07984473603246342
