subj_id,i,loss,alpha,beta,theta,noise,b_0,k,tta_crit,nondectime,halfwidth
129,0,0.4379492603914504,1.4684058809701723,0.0200166142282551,6.856088032889606,1,1.3532574841394887,0.9988890254683246,3.798705308360725,0.3634845805280016,0.036691112495716605
129,1,0.43786760846890627,1.5259537598517745,0.019582945929009526,6.806148878608529,1,1.3088246057964374,1.252036313586731,3.8022036312000163,0.3619419791528671,0.059552297426317416
129,2,0.44030433301795835,1.4708285498451126,0.019862025476439893,6.787224184788526,1,1.4772370200917582,0.9268136717238985,3.843102461217485,0.34121437765201934,0.03955171984178758
129,3,0.4373627300742487,1.493982713191023,0.01995664487225885,6.8431935063014535,1,1.3500075706999932,1.0996184643503195,3.801207519965582,0.35597996244381697,0.04315800643045345
129,4,0.4380589834080541,1.5314844212707706,0.01951944759933011,6.818089361468905,1,1.28542165011219,1.2287786356579558,3.78618873472076,0.3698802925800074,0.06507747448190274
