subj_id,tta,d,loss,alpha,beta,theta,noise,b_0,k,tta_crit,ndt_location,ndt_scale
618,4.0,90.0,0.5217143033552327,1.2049704927903144,0.029362300513520925,7.940775846706608,1,1.2779898861601997,0.8542399042944625,3.4190353622465377,0.17727227663168424,0.045508084869851424
618,4.0,150.0,0.4747473464097393,1.0848054998223342,0.032529392820100145,8.216080374377537,1,1.7468785012870855,0.14572574295399732,3.022022710142288,0.1948782792747124,0.040001247971962126
618,4.0,120.0,0.47402712030752625,1.2205705514822789,0.028907557352081,7.950692745895548,1,1.1252401251018949,1.3285116903555834,3.6082329007485088,0.1978130770305555,0.07281575156574806
618,5.0,90.0,0.504184598848039,1.1017185373899376,0.031485078154793886,8.110696279915985,1,1.339174712973609,0.617696082324151,3.0856305642818387,0.16874231940095194,0.029301977454041634
618,5.0,150.0,0.41349488818161784,1.1636044962743102,0.02556565697236338,7.606234807400915,1,1.3474255323122057,0.7726618459573196,3.5998294955290087,0.14229440439143415,0.0010000502201979295
618,5.0,120.0,0.4648260480896052,1.12706748295053,0.03125146836153938,8.008951717054865,1,1.3391157760907981,0.764341504722655,3.0724262749850335,0.1609917410107566,0.013306855608734017
618,6.0,90.0,0.34075971595769644,1.2861347375373378,0.03868546479376417,9.206528428884774,1,2.0479174763919454,0.42283734462269096,5.5059642120575205,0.24102641739884828,0.08634445696266944
618,6.0,150.0,0.4340817882385707,1.2147983689905817,0.03314417598401337,8.240606106578479,1,1.8920505572956015,0.3344954859294791,4.323368142913702,0.14852369765331055,0.09437384055713952
618,6.0,120.0,0.41900103141246403,1.7318924171605286,0.027474839180895105,7.872194770231106,1,1.3667873157195436,0.6507247125042239,4.188394146454226,0.28118503720859855,0.11193978746626512
