subj_id,tta_condition,d_condition,loss,alpha,beta,theta,b_0,k,tta_crit,ndt_location,ndt_scale
all,4.0,90.0,0.05998354484679243,1.164031832346078,0.03972732174524857,9.56040760901587,0.9715494273707947,0.3179153068248969,5.166171425029701,0.4355305916931506,0.06878642895176434
all,4.0,150.0,0.05642882413202857,1.1408325981033778,0.040369887981217545,9.642463177656749,0.9494275128680941,0.22857600857970786,5.089339310221026,0.4430335349922624,0.06553876915065059
all,4.0,120.0,0.039716920676003756,1.0861603305035854,0.042307827349537544,9.845601835511939,0.7510791864373757,0.36841765110981983,3.7184375713087783,0.44564914766919655,0.06869152422766897
all,5.0,90.0,0.05657165900472292,1.182858835288095,0.04023366812932885,9.63687730156096,0.7892021994401093,0.3786971781691003,3.8861576310234427,0.4342899583071875,0.06717248589898982
all,5.0,150.0,0.046362394035735555,1.1315278736031977,0.03845031294447221,9.472189180587236,1.0635504105168905,0.29086781173765186,5.8720319488247,0.4353743576035248,0.06222804769174391
all,5.0,120.0,0.05970712917382149,1.098371701882426,0.04035122676580266,9.606542017144974,1.112014395057386,0.2592517272045527,5.925758343565982,0.42481874417974547,0.06182562797281013
all,6.0,90.0,0.05012482294567169,1.1399806195437967,0.04375343986293728,10.10520685016072,1.0096423026900272,0.2695506617850466,5.76550155391253,0.4390364697582453,0.06753020235150574
all,6.0,150.0,0.059218341559716545,1.1767008657526095,0.039543931993363056,9.53100377875254,0.9277518157869346,0.3593104630521434,4.766785614476936,0.4302731948448944,0.055726077772519554
all,6.0,120.0,0.04252529498587881,1.3073287225943073,0.03632133033360911,9.097284754374755,1.0924242620551563,0.37673110667648446,5.456567571041592,0.42376846542617386,0.06314696081233376
