subj_id,i,loss,alpha,beta,theta,noise,b_0,k,tta_crit,nondectime,halfwidth
618,0,0.5327008777701743,1.2263850542993777,0.02987381506462746,8.037802882108357,1,1.2549800785286906,0.7777116511454031,3.4055859641527375,0.19992798407269757,0.08151828045243767
618,1,0.5327460921969747,1.166279141745048,0.030980095659846933,8.085190672259703,1,1.3204048822400603,0.6952747583828108,3.21063435348657,0.17696612051295232,0.0893089796172758
618,2,0.5332835283398025,1.1807069597602418,0.03079439314985357,8.050097478655983,1,1.4561375019666285,0.5925436962966762,3.4541911086633394,0.17237195713864567,0.0752480098262119
618,3,0.5357828500964005,1.1164625316755385,0.0321868944123539,8.236052402751199,1,2.0729801637486167,0.31571156450051185,5.3343621722768635,0.1763168304041648,0.09386816361971992
618,4,0.5341513416342869,1.1640555954632217,0.03146316181691554,8.148391010997793,1,1.880604235950334,0.3768227071769183,4.6625813979872035,0.18204525678839276,0.09999335145613272
