subj_id,i,loss,alpha,beta,theta,noise,b_0,k,tta_crit,nondectime,halfwidth
129,0,0.4379492603914504,1.4684058809701723,0.0200166142282551,6.856088032889606,1,1.3532574841394887,0.9988890254683246,3.798705308360725,0.3634845805280016,0.036691112495716605
129,1,0.43786760846890627,1.5259537598517745,0.019582945929009526,6.806148878608529,1,1.3088246057964374,1.252036313586731,3.8022036312000163,0.3619419791528671,0.059552297426317416
