subj_id,i,loss,alpha,beta,theta,noise,b_0,k,tta_crit,nondectime,halfwidth
616,0,0.200677773996171,1.8246322410569444,0.04031198462974851,10.567450458933575,1,1.0725303261342227,0.2635665098615085,5.820826987167497,0.4980125447510678,0.1406386576290456
616,1,0.2008705534549808,1.8103708791520798,0.039549911844698686,10.451931747898344,1,0.9842117101981888,0.26470206629166954,5.034609526771313,0.4909516460051935,0.14003283894102414
616,2,0.200403222163983,1.8661359338417443,0.03942102463384738,10.45493381862692,1,0.9085913820913901,0.30475802353109976,4.714918092573432,0.49572287020298067,0.14396622411309093
616,3,0.20085721546533553,1.8098471962371685,0.04079843438937797,10.630860986166216,1,0.8507390860963222,0.30332314807604505,4.148474051593754,0.4977360555299519,0.14972595962722782
616,4,0.20078474962311182,1.8162258556239064,0.040283268445479824,10.554370416888117,1,0.9039060091082534,0.2600354584987528,4.439111626129504,0.49162250266580615,0.13021232146023895
