subj_id,i,loss,alpha,beta,theta,noise,b_0,k,tta_crit,nondectime,halfwidth
525,0,0.23416692036406667,1.9865514538794828,0.025781216131943265,7.685130456558084,1,0.5511803354721652,0.1071632315214406,4.001466839233723,0.32472335619453313,0.21609348746405999
525,1,0.22300903630597443,1.2306906949137522,0.02707162608242527,7.659900416180543,1,0.8600397510206477,0.10318269862225538,3.0484252044947535,0.22213632869175393,0.13909342300022987
525,2,0.22381381080771745,1.1768459454314395,0.025951709471070672,7.5041511238487875,1,0.9153905970838911,0.10289376245961279,3.35800018753433,0.20876618713772585,0.11762709860599595
