subj_id,i,loss,alpha,beta,theta,noise,b_0,k,tta_crit,nondectime,halfwidth
755,0,0.561187224477502,0.49252428248215596,0.13433811745243732,20.420533037128568,1,1.1763156957742682,0.3996995006866796,5.850950794378578,0.37943940668164566,0.14424069524356
755,1,0.5663737266483171,0.5418481212921297,0.12397666005272782,19.254939063616074,1,0.8036962742386948,0.5463571554143004,4.278895839165207,0.38660234418517136,0.14512475454920729
755,2,0.5662265565945067,0.6091745476013168,0.1163070615287747,18.4485079777217,1,0.9373058835243115,0.4933266206721896,5.189140958589351,0.3950041525403494,0.1417034676012038
755,3,0.5628723780353811,0.5334093386281785,0.13024159308301236,20.019281237819474,1,1.0073541743666423,0.47542259949472127,5.325746080016548,0.39485927514726477,0.14697748233491675
755,4,0.561262264117043,0.5115708412243378,0.12131786718851227,18.834383913741235,1,1.2528131723917364,0.37380388301601225,5.87937213373347,0.36153686929734574,0.11430281607231567
