subj_id,tta_condition,d_condition,loss,alpha,beta,theta,b,ndt_location,ndt_scale
827,NA,NA,0.7344185529412484,5.0,0.021959782101433834,6.83258370686211,0.17924963532083638,0.4512359070742132,0.1781377009731962
