subj_id,tta,d,loss,alpha,beta,theta,noise,b,ndt_location,ndt_scale
389,NA,NA,0.2901640529278864,3.0,0.05284415698903365,11.935344891497765,0.21354827676496457,0.5936329865162574,0.13659319918978213
