subj_id,tta,d,loss,alpha,beta,theta,noise,b,ndt_location,ndt_scale
all,NA,NA,0.08674299855834135,1.1036479585824053,0.04397855104387273,10.066805223932903,0.43763280523746495,0.46437998227417054,0.0793797965224602
