subj_id,tta,d,loss,alpha,beta,theta,noise,b,ndt_location,ndt_scale
996,NA,NA,1.2938939478074856,2.9991427532128827,0.018517105135883977,6.475035792763687,0.2559577627747651,0.4929575380616821,0.1471581652144371
