subj_id,tta_condition,d_condition,loss,alpha,beta,theta,b,ndt_location,ndt_scale
776,NA,NA,1.9719602311374713,3.8583452134154497,0.6209446016399164,58.306762689025305,1.737315540195713,0.37204297328741176,0.3
