subj_id,tta_condition,d_condition,loss,alpha,beta,theta,b,ndt_location,ndt_scale
421,NA,NA,0.4378787516380664,0.19035448243833966,0.20655571270839304,28.44889006528973,0.5745902731901216,0.23828543289692314,0.04864270930987296
