subj_id,tta_condition,d_condition,loss,alpha,beta,theta,b,ndt_location,ndt_scale
755,NA,NA,0.5858604639687629,1.4080516912574754,0.16745274922573855,24.787423426601443,0.12711628423882138,0.4893496373275837,0.14405789324631885
