subj_id,tta,d,loss,alpha,beta,theta,noise,b,ndt_location,ndt_scale
853,NA,NA,0.18592700535801623,1.14845864018671,0.06409029792521491,14.451097238302888,0.4538723624290495,0.49326645861496204,0.0314054256926762
