subj_id,tta,d,loss,alpha,beta,theta,noise,b,ndt_location,ndt_scale
642,NA,NA,0.5386652132315728,0.33074081821600415,0.17410477844384412,26.653820593476276,0.5895762277624035,0.41553574823558737,0.1837409537446061
