subj_id,tta_condition,d_condition,loss,alpha,beta,theta,b,ndt_location,ndt_scale
996,NA,NA,1.004086263445935,3.671238688442934,0.02299514850995853,7.021232534600951,0.19056716153024222,0.44589115301979687,0.15322747160261327
