subj_id,tta,d,loss,alpha,beta,theta,noise,b,ndt_location,ndt_scale
913,NA,NA,0.3245825998293111,2.984259623425969,0.013681408514746881,6.154767708688287,0.31074344344272076,0.46881973644482117,0.10121452481485131
