subj_id,tta,d,loss,alpha,beta,theta,noise,b,ndt_location,ndt_scale
652,NA,NA,0.6169560799434135,1.6983106696535193,0.015722442450639754,7.34104831940134,0.5659476443728284,0.6778770990998184,0.11005600568516477
