subj_id,tta_condition,d_condition,loss,alpha,beta,theta,b,ndt_location,ndt_scale
129,NA,NA,0.5748419117124919,0.9267605522584854,0.028465275966387583,7.595510885368656,0.945070774822931,0.3029037135908737,0.051457076025426055
