subj_id,tta_condition,d_condition,loss,alpha,beta,theta,b,ndt_location,ndt_scale
525,NA,NA,1.6040120243167308,2.907553710861607,0.5728566007758061,55.23249282084326,0.47036271539013885,0.1280551137531297,0.3
