subj_id,tta_condition,d_condition,loss,alpha,beta,theta,b,ndt_location,ndt_scale
913,NA,NA,3.2094342953501185,1.5226493154180794,0.6172064278063777,53.751668618387455,3.1956585112692353,0.1285364428005414,0.3
