subj_id,tta,d,loss,alpha,beta,theta,noise,b,ndt_location,ndt_scale
969,NA,NA,0.28800607664278915,1.9152259999495878,0.2980743966936298,39.694106382938585,0.2920869334703844,0.4905767728550322,0.10612599131542613
