subj_id,tta_condition,d_condition,loss,alpha,beta,theta,b,ndt_location,ndt_scale
652,NA,NA,0.6346758840108361,1.56139101821063,0.014572965926991437,6.9890213025261785,0.7044172912589239,0.5788437328767949,0.13215337237818126
