subj_id,tta_condition,d_condition,loss,alpha,beta,theta,b,ndt_location,ndt_scale
969,NA,NA,0.24045390635268155,2.097187911441887,0.4677140447876453,59.87327726951326,0.30959044308979955,0.4238174786395196,0.10155211171631061
