subj_id,tta_condition,d_condition,loss,alpha,beta,theta,b,ndt_location,ndt_scale
616,NA,NA,0.2214586373994109,1.5057406173161396,0.04581191659738553,11.212193527996352,0.5369851807183013,0.42817948133868017,0.08675412411457656
