subj_id,tta,d,loss,alpha,beta,theta,noise,b,ndt_location,ndt_scale
618,NA,NA,0.5863640763744065,0.8910350172243384,0.0408186909938281,9.112133160861566,0.9335663406166448,0.21035375311791818,0.066331097090926
