subj_id,tta_condition,d_condition,loss,alpha,beta,theta,b,ndt_location,ndt_scale
642,NA,NA,0.5496138118727358,0.5921601786342482,0.1378701173162469,22.73062928901539,0.3930851897032439,0.4794008939950373,0.23388712406518458
