subj_id,tta,d,loss,alpha,beta,theta,noise,b,ndt_location,ndt_scale
827,NA,NA,0.7646030439985021,3.0,0.022205258943639943,6.800070027446752,0.27543485337742446,0.48833158997667175,0.1710374457889041
