subj_id,tta,d,loss,alpha,beta,theta,noise,b,ndt_location,ndt_scale
525,NA,NA,0.20762371165199012,1.1774385354831842,0.026920667086532454,7.610133000881636,0.48395343053647943,0.2218031105629583,0.0865343537163996
