subj_id,tta_condition,d_condition,loss,alpha,beta,theta,b,ndt_location,ndt_scale
all,NA,NA,0.09460701106902643,1.0923839131882833,0.04676671292776632,10.417426301965769,0.4665968739341544,0.39438214202846883,0.0737428120608648
