subj_id,tta,d,loss,alpha,beta,theta,noise,b,ndt_location,ndt_scale
616,NA,NA,0.20769534742721882,1.7016409526516498,0.04503679094515114,11.21365726728977,0.4676078723029242,0.5159979689756515,0.09517333869544671
