subj_id,tta,d,loss,alpha,beta,theta,noise,b,ndt_location,ndt_scale
280,NA,NA,0.5450708569980867,1.1867059916896443,0.052005258279303,11.023678747280059,1.0101477836294495,0.41859227547349737,0.0010001970342889486
