subj_id,tta_condition,d_condition,loss,alpha,beta,theta,b,ndt_location,ndt_scale
853,NA,NA,0.27101668930692563,0.6377054306292308,0.12275081170766758,22.1975840281957,0.4952483776216017,0.39995007305635055,0.012240538142239219
