subj_id,tta_condition,d_condition,loss,alpha,beta,theta,b,ndt_location,ndt_scale
280,NA,NA,0.8505229301113665,3.1217764981519016,0.36431731388801,58.09082711416852,0.40413837669075514,0.5636409577966952,0.10029919431118003
