subj_id,tta,d,loss,alpha,beta,theta,noise,b,ndt_location,ndt_scale
129,NA,NA,0.5693153444120524,1.0268315496268416,0.02824317555351769,7.666245602188039,0.8967333786435894,0.4067672743108299,0.05774273997146182
