subj_id,tta_condition,d_condition,loss,alpha,beta,theta,b,ndt_location,ndt_scale
389,NA,NA,0.2601289156451467,4.80995813828334,0.054060746377776685,12.164963146056733,0.13233154182177254,0.5543928589982196,0.14278152024385138
