subj_id,tta_condition,d_condition,loss,alpha,beta,theta,b,ndt_location,ndt_scale
618,NA,NA,0.6001923319569761,0.8730322574632168,0.04095131048998587,9.083169277320206,0.9595691941307403,0.1482132753205022,0.061816257596523067
