subj_id,tta,d,loss,alpha,beta,theta,noise,b,ndt_location,ndt_scale
421,NA,NA,0.71675458931534,0.5056602743579423,0.08480809203314323,14.724625747530203,0.532855277866608,0.32978746780940704,0.0616221545514475
