subj_id,tta,d,loss,alpha,beta,theta,noise,b,ndt_location,ndt_scale
776,NA,NA,0.4605911293391207,2.7498329376159667,0.03798924526134837,8.675393893764323,0.3200680441711312,0.4873466661017497,0.12761822198174558
