subj_id,tta,d,loss,alpha,beta,theta,noise,b_0,k,tta_crit,ndt_location,ndt_scale
755,4.0,90.0,0.38812317407069236,0.2765718757151196,0.292442891799426,38.30365448312642,1,0.5806686049435815,1.6883949564335101,4.694770713936741,0.4428097635233948,0.11489758420455431
755,4.0,150.0,0.44516888702630897,0.34417290703712333,0.2240910600483497,30.46886299054402,1,0.9943511631093098,0.2078771466831036,5.626174005299885,0.39747850535052326,0.061106076181245014
755,4.0,120.0,0.5580411291397406,0.5467131215377705,0.12529648891825396,19.417502119885164,1,1.041894413985378,0.3435328014078294,5.634138391957288,0.3982750778280541,0.0943282821486812
755,5.0,90.0,0.5546724717263289,0.5686657643878735,0.11682962078312592,18.398251949328166,1,0.951106688163722,0.453946080244088,4.990377889432872,0.37763864343914516,0.09545991304375032
755,5.0,150.0,0.536316600806953,0.4984120926346137,0.13150259202282621,20.03454847080446,1,1.2666279744726605,0.42623380189758087,5.943831784873982,0.3539368119055981,0.08938815929983486
755,5.0,120.0,0.2956457864598846,0.6663398198071342,0.10284812385723796,17.180278259981137,1,0.8556174981393171,0.600531319214461,4.437360853992944,0.39081232155583817,0.09116550496268165
755,6.0,90.0,0.5294314408371763,0.557839250908034,0.15142298827812536,22.65304271262468,1,1.2405174827655183,0.6142702834938198,5.945705104190208,0.4031321192283548,0.10712188213237976
755,6.0,150.0,0.540563363067897,0.4778527920565754,0.1313327479798223,20.155672841293235,1,1.171529655489423,0.3819137254035062,5.868517644495984,0.37900338897281677,0.08885359858566833
755,6.0,120.0,0.3035964691946209,2.9726148677123065,0.0655567050089243,12.368266036664282,1,0.6509425801715998,0.759937246816434,5.885475151525181,0.49805301800701696,0.1426100268639996
