subj_id,tta,d,n,loss,alpha,beta,theta,noise,b_0,k,tta_crit,ndt_location,ndt_scale
all,4.0,90.0,1,0.05462010247426033,1.160180288211093,0.04484504459764684,10.395770552989912,1,0.9460963863849364,0.28509414810006434,4.463988051578494,0.42116771380230256,0.06949877214089342
all,4.0,150.0,1,0.048578348217177346,1.128949847670532,0.04929189815697427,10.932765034922449,1,0.9246360446441129,0.1051611751836466,4.066183615088402,0.4502800643583332,0.08155459366703592
all,4.0,120.0,1,0.06281529545819008,1.1621288790000968,0.045156661089668045,10.423404077026703,1,1.0464004145358485,0.21851540446339038,5.2672088157525945,0.42598203548477037,0.07216696310472248
all,5.0,90.0,1,0.06301473239191549,1.1817986017371793,0.04518216975991629,10.428837338913137,1,1.069100117421826,0.21567657756278458,5.499686134863251,0.4264002824490329,0.07436792407667366
all,5.0,150.0,1,0.04909199699468501,1.1604688818477293,0.04214892815758424,10.119372104668557,1,0.9945799025661011,0.2995510825774295,4.762122796146841,0.40898228219100224,0.0550047880355474
