subj_id,tta,d,n,loss,alpha,beta,theta,noise,b_0,k,tta_crit,ndt_location,ndt_scale
all,4.0,90.0,1,0.05462010247426033,1.160180288211093,0.04484504459764684,10.395770552989912,1,0.9460963863849364,0.28509414810006434,4.463988051578494,0.42116771380230256,0.06949877214089342
