subj_id,tta,d,loss,alpha,beta,theta,noise,b_0,k,tta_crit,ndt_location,ndt_scale
all,4.0,90.0,0.05462010247426033,1.160180288211093,0.04484504459764684,10.395770552989912,1,0.9460963863849364,0.28509414810006434,4.463988051578494,0.42116771380230256,0.06949877214089342
all,4.0,150.0,0.048578348217177346,1.128949847670532,0.04929189815697427,10.932765034922449,1,0.9246360446441129,0.1051611751836466,4.066183615088402,0.4502800643583332,0.08155459366703592
all,4.0,120.0,0.06281529545819008,1.1621288790000968,0.045156661089668045,10.423404077026703,1,1.0464004145358485,0.21851540446339038,5.2672088157525945,0.42598203548477037,0.07216696310472248
all,5.0,90.0,0.06301473239191549,1.1817986017371793,0.04518216975991629,10.428837338913137,1,1.069100117421826,0.21567657756278458,5.499686134863251,0.4264002824490329,0.07436792407667366
all,5.0,150.0,0.04909199699468501,1.1604688818477293,0.04214892815758424,10.119372104668557,1,0.9945799025661011,0.2995510825774295,4.762122796146841,0.40898228219100224,0.0550047880355474
all,5.0,120.0,0.06431465083991138,1.1497775796742316,0.045375721912084305,10.443088419177394,1,1.1427635483983094,0.20239373658751073,5.850941377545418,0.41460028548678163,0.06568724872403661
all,6.0,90.0,0.05439537466491307,1.1965348815169974,0.048640678154862976,10.92453202210966,1,0.850126078705905,0.2578804740152572,3.848300507608279,0.4309403075721138,0.07468909100941364
all,6.0,150.0,0.060134046003499544,1.2516543600454857,0.04369045925069636,10.243719081633753,1,1.0460739627510744,0.2664135699621154,5.179157193571218,0.42450324704860426,0.06166967649250303
all,6.0,120.0,0.05199414316829373,1.338830002878838,0.03953481719277587,9.650386639036173,1,1.0865576140223172,0.3526740684091161,4.925518859795945,0.40664567592225065,0.06709805283449635
