subj_id,tta,d,loss,alpha,beta,theta,noise,b_0,k,tta_crit,nondectime,halfwidth
755,4.0,90.0,0.3850823874879049,0.26247076721856555,0.3053867194219045,39.75185234021026,1,0.5662743833999184,1.9182656739996655,4.6350786853628305,0.44189414327055293,0.1839362301655988
755,4.0,150.0,0.44625949555345995,0.31276846433108263,0.23193563521928073,31.205436571482906,1,1.074588314415417,0.23650482803284711,5.385725056875028,0.37702181086964826,0.07423685714891835
755,4.0,120.0,0.5549022898968354,0.611297846944007,0.11613241522916058,18.445926513052374,1,1.0829746560078657,0.41518688192967174,5.831380083306862,0.4071192145768509,0.17371764013329807
755,5.0,90.0,0.5504215553831434,0.5452854372208886,0.11738752214420047,18.4456029920082,1,1.1119935338322438,0.4322168483079938,5.470727360779557,0.3663680241603551,0.1417331199258961
755,5.0,150.0,0.5369441814990324,0.4933952157691115,0.1278378662085401,19.623818027746655,1,1.119343752988452,0.38369641647311636,5.464387754388555,0.3570727137744229,0.14699656545424314
755,5.0,120.0,0.2948090212807554,0.6200411680031138,0.10721452124336839,17.652627481189977,1,1.087581035356842,0.4582526156807015,5.260696307619123,0.38237315375845254,0.14114438571765459
755,6.0,90.0,0.5304802654515609,0.5962531225616006,0.12363258959262209,19.31942974384541,1,1.1024304515331742,0.5650164021734955,5.50517630038736,0.39393726423745284,0.16135788833418704
755,6.0,150.0,0.5417126094792506,0.4471847112656506,0.13855730957196144,20.974962798666674,1,1.069426749293224,0.3595289239811805,5.369493511136948,0.36619951081612656,0.10768455532126892
755,6.0,120.0,0.29880079260805265,2.9362831276315737,0.05917706967325792,11.630285103563663,1,0.8288452403742093,0.8457024744064099,5.9257710740383045,0.4852513949001564,0.210977399745416
