subj_id,tta,d,loss,alpha,beta,theta,noise,b_0,k,tta_crit,nondectime,halfwidth
755,4.0,90.0,0.3850823874879049,0.26247076721856555,0.3053867194219045,39.75185234021026,1,0.5662743833999184,1.9182656739996655,4.6350786853628305,0.44189414327055293,0.1839362301655988
755,4.0,150.0,0.44625949555345995,0.31276846433108263,0.23193563521928073,31.205436571482906,1,1.074588314415417,0.23650482803284711,5.385725056875028,0.37702181086964826,0.07423685714891835
755,4.0,120.0,0.5549022898968354,0.611297846944007,0.11613241522916058,18.445926513052374,1,1.0829746560078657,0.41518688192967174,5.831380083306862,0.4071192145768509,0.17371764013329807
755,5.0,90.0,0.5504215553831434,0.5452854372208886,0.11738752214420047,18.4456029920082,1,1.1119935338322438,0.4322168483079938,5.470727360779557,0.3663680241603551,0.1417331199258961
