subj_id,tta,d,loss,alpha,beta,theta,noise,b_0,k,tta_crit,nondectime,halfwidth
618,4.0,90.0,0.5241232381688585,1.1772241151519194,0.029663263756811113,7.975631076551363,1,1.5565962322731954,0.533795429080124,3.9445922969640805,0.17889685011767698,0.0890940034204124
618,4.0,150.0,0.4748503218646036,1.0821421896214332,0.032027341871252724,8.18853670482154,1,1.950966431786758,0.11519800610099329,5.117453129187833,0.21287436629309497,0.14609777092952572
