subj_id,tta,d,loss,alpha,beta,theta,noise,b_0,k,tta_crit,nondectime,halfwidth
389,4.0,90.0,0.0647383063365492,1.0378306274749107,0.08602447999518976,15.755308860508245,1,0.7257792170753964,0.3458301539470176,4.997542866450515,0.49754243232961676,0.19460712591861498
389,4.0,150.0,0.21019162414330964,1.362235662855707,0.2711901497506722,37.789765395545686,1,0.6253350008687385,0.3225648705098555,5.626413944414523,0.4975735667257899,0.17615044583590767
389,4.0,120.0,0.05911573756824095,2.996768693151034,0.02279517880874565,7.578950659274843,1,3.1735794759880345,1.2750718652129667,5.714671933113168,0.33897172642277457,0.14112801090983249
389,5.0,90.0,0.08947557130829065,1.9580536092593879,0.0615026720389783,13.001665683155933,1,0.7764071860984346,0.10804407921465058,4.535949787774787,0.49730150488359026,0.1878370201971612
389,5.0,150.0,0.12176813569823927,2.9893636523677993,0.015194750622375814,7.4439291235797755,1,1.1325584854689676,0.18581055244759784,5.1725833476159435,0.44382069925411766,0.025937795971748098
389,5.0,120.0,0.2040418052072415,1.0494330015247575,0.15547217671995336,24.765201303749482,1,2.997754884866559,0.3974651567487691,5.2951675235575975,0.26502763318249345,0.019373304146732245
389,6.0,90.0,0.05419332443398862,2.645279101799732,0.04228088327303161,10.256331004246926,1,0.6448671918549704,0.10934932223741059,3.522634471812249,0.496795130093996,0.17949172663438787
389,6.0,150.0,0.0051787655655723555,2.9958682792688074,0.31917800448809486,39.804367047739966,1,4.987420686231036,0.10304339138416439,3.1181506372386254,0.27811093797034864,0.14749847603285451
389,6.0,120.0,0.004946416117595572,2.427250125980239,0.13821390185796525,24.377839060119392,1,0.5149405790768818,0.9645401108543495,3.4978943658946986,0.4962750100298815,0.18764450313872652
