subj_id,tta,d,loss,alpha,beta,theta,noise,b_0,k,tta_crit,nondectime,halfwidth
642,4.0,90.0,0.4996589648576281,0.4733907280085874,0.11091689333219934,18.51752863618125,1,0.9975698355309477,0.4530407342599557,3.311009703939285,0.3612163096143157,0.25388254616066797
642,4.0,150.0,0.4373904232101192,0.33986466880910426,0.15056456354009518,23.12928724580616,1,1.447096114892394,0.1086854390071319,5.101917619421385,0.35230768816205627,0.20131064935437304
