subj_id,tta,d,loss,alpha,beta,theta,noise,b_0,k,tta_crit,nondectime,halfwidth
618,4.0,90.0,0.25999898006745564,0.955206677775675,0.04596335869397067,9.961866139199875,1,1.6133200876551372,0.30717456726627423,4.529176517810816,0.26397866490560307,0.16448401193249884
618,4.0,150.0,0.1642158384635617,1.5859009052405566,0.01440032945476355,6.4618738973558205,1,1.5285608758422384,1.9892583065078302,4.309890422257556,0.004409457710357861,0.05376174982854594
618,4.0,120.0,0.2523656664474904,0.9433215131548717,0.03796477934791352,8.747207912951861,1,1.6967377047488705,0.1003539360041753,4.021233367644309,0.26258613749406734,0.13313096519264275
618,5.0,90.0,0.19954767163366524,1.2971249449264832,0.028361281620792045,7.82652128024054,1,1.3780590979082283,1.9627866544200774,3.636278507760193,0.14347297739623652,0.0026783028011040377
618,5.0,150.0,0.12042609061929427,0.9714951342805945,0.020928575208581435,6.716915270601083,1,2.4172354738225788,0.10975255136044082,3.11666217656013,0.0025451047798580595,0.09772426394540978
618,5.0,120.0,0.18105744720958983,0.9235080505173717,0.02909321333916193,7.952337000618067,1,1.374743805750917,0.48899979769190305,3.7674022762073243,0.18060417323274183,0.023169670149029153
618,6.0,90.0,0.09936478936348322,1.9260412062737322,0.035174075923866795,8.980166450354401,1,2.133667848295092,0.5684755962866852,5.903730574783665,0.32300549623774266,0.20978577158611963
618,6.0,150.0,0.0147374111831171,2.4860230327406527,0.027848901982145416,8.424453574022642,1,0.8497844090576516,0.11010477978376634,4.418900748762825,0.3464175125097079,0.11422552777227322
618,6.0,120.0,0.048987775859925524,2.607898968380247,0.03469362531351841,8.837951130382262,1,1.9109248618570145,1.8598202156927777,4.293114766135762,0.2523314391645753,0.21273434246564052
