subj_id,tta,d,loss,alpha,beta,theta,noise,b_0,k,tta_crit,nondectime,halfwidth
616,4.0,90.0,0.046622106660350805,1.267607520365627,0.04619869657992039,11.220047801147562,1,0.9052277446936322,0.10086183189752877,3.4979611273540456,0.4953816353076011,0.1523736573163913
616,4.0,150.0,0.018646466232091954,0.9173873515194855,0.29571505725302843,39.779405583089904,1,1.214104731056929,0.11188222111318159,3.8613246190492707,0.4988377116791549,0.22932221989220544
616,4.0,120.0,0.011998579005383503,1.383876143250582,0.24120365446198266,39.06094549561977,1,0.7219930597104476,1.9125795148036717,3.0365748162597384,0.4994447940646421,0.15905999147264444
616,5.0,90.0,0.04436722168280634,3.0,0.02014331409067721,8.158002595689641,1,0.7715253208885031,1.0586195681891541,4.933776837628485,0.47019043108837316,0.06520590527729367
616,5.0,150.0,0.008897155798677626,2.0695634946339276,0.0815125314892163,14.756988924686402,1,1.6809990420398986,0.9656570420875027,5.245424444122138,0.3257568997959397,0.03364173035930454
616,5.0,120.0,0.00359445629497452,1.5620944260842633,0.24884916791437303,39.797055946305235,1,1.907023899756278,0.15333017449397263,4.203266213208892,0.4309582292328971,0.007386698143307446
616,6.0,90.0,0.3321889197305116,1.2815195241779769,0.2102961648432162,32.48520607283516,1,3.706780233888309,0.13714835551808283,4.959820480176915,0.30016859967870624,0.11717236665517136
616,6.0,150.0,0.008061186538989348,2.9996039918847197,0.0370363524331522,8.927377229981692,1,2.703654875008113,1.7670998589845168,4.795303958592787,0.3037780716382442,0.0014160276507535208
616,6.0,120.0,0.010404891863313372,2.328856863516583,0.1349759378341168,23.585153176640908,1,1.6142234395112252,0.4892141273618641,3.904489543805889,0.46035905208645383,0.17376405006610576
