subj_id,tta,d,loss,alpha,beta,theta,noise,b_0,k,tta_crit,nondectime,halfwidth
618,4.0,90.0,0.5241232381688585,1.1772241151519194,0.029663263756811113,7.975631076551363,1,1.5565962322731954,0.533795429080124,3.9445922969640805,0.17889685011767698,0.0890940034204124
618,4.0,150.0,0.4748503218646036,1.0821421896214332,0.032027341871252724,8.18853670482154,1,1.950966431786758,0.11519800610099329,5.117453129187833,0.21287436629309497,0.14609777092952572
618,4.0,120.0,0.47574810409433055,1.148842157702697,0.030247076744449135,8.020330610084294,1,1.2470791290452938,0.9716534146120124,3.45592761450602,0.177393568243916,0.061832350842724274
618,5.0,90.0,0.5053698721472379,1.131550680377336,0.030863262158686174,8.040933903301047,1,1.7369946107388803,0.40533937004210846,4.133526579656151,0.1763266697104653,0.06499581398202385
618,5.0,150.0,0.4146662828621306,1.1593894254266783,0.02528970199232507,7.606411965546608,1,1.2858170593136826,0.7893407779499181,3.5355747221848897,0.15006537634000588,0.05804869357675148
618,5.0,120.0,0.4655688868867496,1.1784339831532145,0.029919345499757388,7.890673836529203,1,1.3351972287596523,0.8008967856667996,3.211980630207196,0.17439459415637765,0.08604560083833925
618,6.0,90.0,0.33997244072757743,1.29380254944359,0.03773407084691436,9.088071263307874,1,2.20583833025738,0.42849280116735966,5.699747001641609,0.23319619136306197,0.1344522632481211
618,6.0,150.0,0.4238226575676591,1.284339186315941,0.030587423455953288,7.936524128625342,1,1.3333775183371417,0.9461329252706102,3.152903775159959,0.13493076925345854,0.142981727728548
618,6.0,120.0,0.41555538655100743,1.675822887883182,0.02697864504891952,7.801874873095014,1,1.2529489416429516,0.8905961493977926,3.948938122308946,0.264767171066798,0.15885654797751722
