subj_id,tta,d,loss,alpha,beta,theta,noise,b_0,k,tta_crit,nondectime,halfwidth
129,4.0,90.0,0.35707725599715523,1.5823021891976403,0.018949820183622096,6.705829743989587,1,1.4844076069062784,1.2201620722751143,3.9557333503608154,0.32288651599878626,0.07897072787179496
129,4.0,150.0,0.4042304285329315,1.4610073918834816,0.01910692322225482,6.722190917387627,1,2.5654934170367603,0.3816145959042564,5.898100287054608,0.3478743404473901,0.02471482642713027
129,4.0,120.0,0.4414434206296411,1.3627930570666191,0.021421178631918093,6.987201682744843,1,2.0379090392059407,0.48549652981910474,5.070372429984498,0.36257578697455817,0.05356696824092459
129,5.0,90.0,0.262717579394764,1.6062328184918748,0.01935319845597471,6.725815303948622,1,1.3511261128786243,1.580014536188511,3.7564982405088667,0.35286434578432063,0.029829121443636558
129,5.0,150.0,0.41244518318328083,1.4684170918075636,0.019081701874522017,6.707823077491696,1,1.3458392099003031,1.2435159675007441,3.709680323811623,0.3352595939216679,0.031333767463681605
129,5.0,120.0,0.3705806674083888,1.3344101322069217,0.02082986213296728,6.849880602395814,1,2.2113328989305794,0.4929722380830174,5.205285259269031,0.3325287313050741,0.03128137809052735
129,6.0,90.0,0.3210498548814205,1.3229672957899772,0.030456556033466014,8.334791466256721,1,0.9792068518990538,0.8424355538212804,3.3005934831109487,0.4493362925397274,0.13114604154446882
129,6.0,150.0,0.41221414269038886,1.5695998180696475,0.019169040818443672,6.831803385578439,1,1.312476593506714,1.1230814688391881,3.968222550478001,0.39228145835774997,0.039799189957188535
129,6.0,120.0,0.40943689544993084,1.5606736055655797,0.01991685164268714,6.793005576326884,1,2.4295584950044646,0.542487119475449,5.43902844562323,0.35715748064195685,0.08308194465479357
