subj_id,tta,d,loss,alpha,beta,theta,noise,b_0,k,tta_crit,nondectime,halfwidth
616,4.0,90.0,0.20129964676445922,1.7084363217885326,0.0412601910376284,10.686461052233161,1,0.9841890543324125,0.19809291973442633,4.944696411899436,0.490141666575616,0.13999715630223825
616,4.0,150.0,0.13300548047191119,1.6020077531189567,0.04572827291930133,11.259020228992643,1,0.7288013161685285,0.6314100593390237,4.278566524692931,0.49769745346180316,0.15730762880163296
616,4.0,120.0,0.1401318870277693,1.6849855600156856,0.04375953708157487,10.968346961882077,1,0.9479466323402548,0.10297532673414311,3.338493986162148,0.49645254445201,0.1384013931968807
616,5.0,90.0,1.196853945297577,1.1690477893175688,0.2611323964423918,39.527093641806765,1,3.673985557157331,0.16154329435517717,4.774131153274482,0.2970827587554268,0.01506829095771442
616,5.0,150.0,0.18261327618318274,2.1548917372964937,0.03413872753948642,9.863890031185797,1,0.9580168837808795,0.4473479443748722,5.459023259826168,0.4983907090187248,0.13449190950477966
616,5.0,120.0,0.1298230152491354,2.1743894977697917,0.038973638795821386,10.417490735231288,1,0.6781265638544747,0.5561962534287931,3.382623022792216,0.49399696493705963,0.13421477065266724
616,6.0,90.0,1.1976010984169403,1.173966462776625,0.2636297803337725,39.38751992743995,1,4.383686456379685,0.17652150423328758,4.82965531259098,0.26396883913337427,0.019387629176350007
616,6.0,150.0,0.18775860993121093,1.9363092410065563,0.03817199460200436,10.210911692392033,1,1.0577232813541617,0.37146622609031615,5.113166761300831,0.4879295882973953,0.1628715437236471
616,6.0,120.0,0.34414165107689354,1.1354114331446545,0.25554061461537114,39.06074380277275,1,3.072691101644105,0.10243137690943849,4.098992685910115,0.338568895149177,0.07991281745500904
