subj_id,tta,d,loss,alpha,beta,theta,noise,b_0,k,tta_crit,nondectime,halfwidth
642,4.0,90.0,0.4996589648576281,0.4733907280085874,0.11091689333219934,18.51752863618125,1,0.9975698355309477,0.4530407342599557,3.311009703939285,0.3612163096143157,0.25388254616066797
642,4.0,150.0,0.4373904232101192,0.33986466880910426,0.15056456354009518,23.12928724580616,1,1.447096114892394,0.1086854390071319,5.101917619421385,0.35230768816205627,0.20131064935437304
642,4.0,120.0,0.49013870133839615,0.3932715670216545,0.13089671231200434,20.968296144645578,1,0.7877712868728408,0.9703069777427483,3.0550428104385894,0.36767817184250284,0.26484986399601945
642,5.0,90.0,0.46467382564335696,0.4789668016253634,0.11087930950072661,18.300786370253974,1,1.2048319220675363,0.3647062348603123,3.4429183200428204,0.319695870836232,0.2518371889457827
642,5.0,150.0,0.37519552280380486,0.4429089003157126,0.11705752053081465,19.744520674293785,1,1.029803299308406,0.30373152799152403,3.8114826638504518,0.39937791725798366,0.19748381743132834
642,5.0,120.0,0.477577492351142,0.4509108628101812,0.11064780795166412,18.3264602690507,1,1.1324114726660715,0.4145372429896559,3.2972590073771944,0.3131310363181019,0.2548833847314176
642,6.0,90.0,0.4739040854201383,0.45340057206766454,0.10930371271604644,18.264033565878723,1,1.3680849870096456,0.21792896587985433,5.112338464983907,0.3558218089448031,0.25289191919346754
642,6.0,150.0,0.24772599264263676,1.0163856033367413,0.06550242051400479,12.640849850264303,1,2.25496589016657,0.5336544595437217,5.987278381599068,0.35625377464520375,0.298334208987179
642,6.0,120.0,0.37182478896610516,0.22290983659233476,0.2537383162521698,37.061146557603664,1,1.1460123159637547,0.16803708571284937,3.433525456497642,0.35892708302318677,0.2941112783095171
